[
    {
        "model": "admin.logentry",
        "pk": 1,
        "fields": {
            "action_time": "2024-06-23T16:39:04.113Z",
            "user": 1,
            "content_type": 10,
            "object_id": "1",
            "object_repr": "Davi Lucca Nogueira",
            "action_flag": 1,
            "change_message": "[{\"added\": {}}]"
        }
    },
    {
        "model": "admin.logentry",
        "pk": 2,
        "fields": {
            "action_time": "2024-06-23T16:39:44.975Z",
            "user": 1,
            "content_type": 10,
            "object_id": "2",
            "object_repr": "Maria Eduarda da Concei├º├úo",
            "action_flag": 1,
            "change_message": "[{\"added\": {}}]"
        }
    },
    {
        "model": "admin.logentry",
        "pk": 3,
        "fields": {
            "action_time": "2024-06-23T16:40:21.781Z",
            "user": 1,
            "content_type": 10,
            "object_id": "3",
            "object_repr": "Daniela Cardoso",
            "action_flag": 1,
            "change_message": "[{\"added\": {}}]"
        }
    },
    {
        "model": "admin.logentry",
        "pk": 4,
        "fields": {
            "action_time": "2024-06-23T16:41:18.338Z",
            "user": 1,
            "content_type": 10,
            "object_id": "4",
            "object_repr": "Vinicius Goncalves",
            "action_flag": 1,
            "change_message": "[{\"added\": {}}]"
        }
    },
    {
        "model": "admin.logentry",
        "pk": 5,
        "fields": {
            "action_time": "2024-06-23T16:42:12.840Z",
            "user": 1,
            "content_type": 10,
            "object_id": "4",
            "object_repr": "Vinicius Goncalves",
            "action_flag": 2,
            "change_message": "[{\"changed\": {\"fields\": [\"CPF\"]}}]"
        }
    },
    {
        "model": "admin.logentry",
        "pk": 6,
        "fields": {
            "action_time": "2024-06-23T16:43:22.927Z",
            "user": 1,
            "content_type": 10,
            "object_id": "5",
            "object_repr": "Ana Luiza Melo",
            "action_flag": 1,
            "change_message": "[{\"added\": {}}]"
        }
    },
    {
        "model": "admin.logentry",
        "pk": 7,
        "fields": {
            "action_time": "2024-06-23T16:44:21.495Z",
            "user": 1,
            "content_type": 9,
            "object_id": "1",
            "object_repr": "Universidade de Caixias do Sul",
            "action_flag": 1,
            "change_message": "[{\"added\": {}}]"
        }
    },
    {
        "model": "admin.logentry",
        "pk": 8,
        "fields": {
            "action_time": "2024-06-23T16:44:35.775Z",
            "user": 1,
            "content_type": 7,
            "object_id": "1",
            "object_repr": "Ci├¬ncias da Computa├º├úo",
            "action_flag": 1,
            "change_message": "[{\"added\": {}}]"
        }
    },
    {
        "model": "admin.logentry",
        "pk": 9,
        "fields": {
            "action_time": "2024-06-23T16:44:44.333Z",
            "user": 1,
            "content_type": 11,
            "object_id": "1",
            "object_repr": "Bacharelado em Ci├¬ncias da Computa├º├úo",
            "action_flag": 1,
            "change_message": "[{\"added\": {}}]"
        }
    },
    {
        "model": "admin.logentry",
        "pk": 10,
        "fields": {
            "action_time": "2024-06-23T16:49:35.874Z",
            "user": 1,
            "content_type": 10,
            "object_id": "6",
            "object_repr": "Daniel Lu├¡s Roger",
            "action_flag": 1,
            "change_message": "[{\"added\": {}}]"
        }
    },
    {
        "model": "admin.logentry",
        "pk": 11,
        "fields": {
            "action_time": "2024-06-23T16:55:09.210Z",
            "user": 1,
            "content_type": 7,
            "object_id": "1",
            "object_repr": "Ci├¬ncias da Computa├º├úo",
            "action_flag": 3,
            "change_message": ""
        }
    },
    {
        "model": "admin.logentry",
        "pk": 12,
        "fields": {
            "action_time": "2024-06-23T16:56:37.468Z",
            "user": 1,
            "content_type": 7,
            "object_id": "2",
            "object_repr": "Ci├¬ncias da Computa├º├úo",
            "action_flag": 1,
            "change_message": "[{\"added\": {}}]"
        }
    },
    {
        "model": "admin.logentry",
        "pk": 13,
        "fields": {
            "action_time": "2024-06-23T16:57:03.105Z",
            "user": 1,
            "content_type": 14,
            "object_id": "1",
            "object_repr": "Teoria da Computa├º├úo",
            "action_flag": 1,
            "change_message": "[{\"added\": {}}]"
        }
    },
    {
        "model": "admin.logentry",
        "pk": 14,
        "fields": {
            "action_time": "2024-06-23T16:57:13.289Z",
            "user": 1,
            "content_type": 14,
            "object_id": "2",
            "object_repr": "Matem├ítica da Computa├º├úo",
            "action_flag": 1,
            "change_message": "[{\"added\": {}}]"
        }
    },
    {
        "model": "admin.logentry",
        "pk": 15,
        "fields": {
            "action_time": "2024-06-23T16:57:23.280Z",
            "user": 1,
            "content_type": 14,
            "object_id": "3",
            "object_repr": "Metodologia e T├®cnicas da Computa├º├úo",
            "action_flag": 1,
            "change_message": "[{\"added\": {}}]"
        }
    },
    {
        "model": "admin.logentry",
        "pk": 16,
        "fields": {
            "action_time": "2024-06-23T16:57:31.218Z",
            "user": 1,
            "content_type": 14,
            "object_id": "4",
            "object_repr": "Sistemas de Computa├º├úo",
            "action_flag": 1,
            "change_message": "[{\"added\": {}}]"
        }
    },
    {
        "model": "admin.logentry",
        "pk": 17,
        "fields": {
            "action_time": "2024-06-23T16:57:51.812Z",
            "user": 1,
            "content_type": 11,
            "object_id": "2",
            "object_repr": "Bacharelado em Ci├¬ncias da Computa├º├úo",
            "action_flag": 1,
            "change_message": "[{\"added\": {}}]"
        }
    },
    {
        "model": "admin.logentry",
        "pk": 18,
        "fields": {
            "action_time": "2024-06-23T16:59:20.059Z",
            "user": 1,
            "content_type": 9,
            "object_id": "2",
            "object_repr": "Universidade Federal do Rio Grande do Sul",
            "action_flag": 1,
            "change_message": "[{\"added\": {}}]"
        }
    },
    {
        "model": "admin.logentry",
        "pk": 19,
        "fields": {
            "action_time": "2024-06-23T17:00:22.299Z",
            "user": 1,
            "content_type": 11,
            "object_id": "3",
            "object_repr": "Mestrado em Computa├º├úo",
            "action_flag": 1,
            "change_message": "[{\"added\": {}}]"
        }
    },
    {
        "model": "admin.logentry",
        "pk": 20,
        "fields": {
            "action_time": "2024-06-23T17:01:31.689Z",
            "user": 1,
            "content_type": 11,
            "object_id": "4",
            "object_repr": "Bacharelado em Ci├¬ncias da Computa├º├úo",
            "action_flag": 1,
            "change_message": "[{\"added\": {}}]"
        }
    },
    {
        "model": "admin.logentry",
        "pk": 21,
        "fields": {
            "action_time": "2024-06-23T17:03:15.861Z",
            "user": 1,
            "content_type": 7,
            "object_id": "3",
            "object_repr": "Biotecnologia",
            "action_flag": 1,
            "change_message": "[{\"added\": {}}]"
        }
    },
    {
        "model": "admin.logentry",
        "pk": 22,
        "fields": {
            "action_time": "2024-06-23T17:03:29.195Z",
            "user": 1,
            "content_type": 11,
            "object_id": "5",
            "object_repr": "Doutorado em Biotecnologia",
            "action_flag": 1,
            "change_message": "[{\"added\": {}}]"
        }
    },
    {
        "model": "admin.logentry",
        "pk": 23,
        "fields": {
            "action_time": "2024-06-23T17:05:55.640Z",
            "user": 1,
            "content_type": 9,
            "object_id": "3",
            "object_repr": "Universit├ñt Regensburg",
            "action_flag": 1,
            "change_message": "[{\"added\": {}}]"
        }
    },
    {
        "model": "admin.logentry",
        "pk": 24,
        "fields": {
            "action_time": "2024-06-23T17:06:32.073Z",
            "user": 1,
            "content_type": 7,
            "object_id": "4",
            "object_repr": "Biof├¡sica",
            "action_flag": 1,
            "change_message": "[{\"added\": {}}]"
        }
    },
    {
        "model": "admin.logentry",
        "pk": 25,
        "fields": {
            "action_time": "2024-06-23T17:06:46.045Z",
            "user": 1,
            "content_type": 11,
            "object_id": "6",
            "object_repr": "Doutorado em Biof├¡sica",
            "action_flag": 1,
            "change_message": "[{\"added\": {}}]"
        }
    },
    {
        "model": "admin.logentry",
        "pk": 26,
        "fields": {
            "action_time": "2024-06-23T17:08:57.578Z",
            "user": 1,
            "content_type": 9,
            "object_id": "4",
            "object_repr": "Universidade do Vale do Itaja├¡",
            "action_flag": 1,
            "change_message": "[{\"added\": {}}]"
        }
    },
    {
        "model": "admin.logentry",
        "pk": 27,
        "fields": {
            "action_time": "2024-06-23T17:09:55.550Z",
            "user": 1,
            "content_type": 7,
            "object_id": "5",
            "object_repr": "Psicologia",
            "action_flag": 1,
            "change_message": "[{\"added\": {}}]"
        }
    },
    {
        "model": "admin.logentry",
        "pk": 28,
        "fields": {
            "action_time": "2024-06-23T17:09:58.469Z",
            "user": 1,
            "content_type": 11,
            "object_id": "7",
            "object_repr": "Gradua├º├úo em Psicologia.",
            "action_flag": 1,
            "change_message": "[{\"added\": {}}]"
        }
    },
    {
        "model": "admin.logentry",
        "pk": 29,
        "fields": {
            "action_time": "2024-06-23T17:10:14.476Z",
            "user": 1,
            "content_type": 11,
            "object_id": "7",
            "object_repr": "Gradua├º├úo em Psicologia",
            "action_flag": 2,
            "change_message": "[{\"changed\": {\"fields\": [\"Titulo\"]}}]"
        }
    },
    {
        "model": "admin.logentry",
        "pk": 30,
        "fields": {
            "action_time": "2024-06-23T17:11:42.234Z",
            "user": 1,
            "content_type": 9,
            "object_id": "5",
            "object_repr": "Universidade de Araraquara",
            "action_flag": 1,
            "change_message": "[{\"added\": {}}]"
        }
    },
    {
        "model": "admin.logentry",
        "pk": 31,
        "fields": {
            "action_time": "2024-06-23T17:12:08.632Z",
            "user": 1,
            "content_type": 11,
            "object_id": "8",
            "object_repr": "Especializa├º├úo em Psicologia e Sexualidade",
            "action_flag": 1,
            "change_message": "[{\"added\": {}}]"
        }
    },
    {
        "model": "admin.logentry",
        "pk": 32,
        "fields": {
            "action_time": "2024-06-23T17:13:56.236Z",
            "user": 1,
            "content_type": 9,
            "object_id": "6",
            "object_repr": "Universidade de S├úo Paulo",
            "action_flag": 1,
            "change_message": "[{\"added\": {}}]"
        }
    },
    {
        "model": "admin.logentry",
        "pk": 33,
        "fields": {
            "action_time": "2024-06-23T17:14:44.501Z",
            "user": 1,
            "content_type": 7,
            "object_id": "6",
            "object_repr": "F├¡sica",
            "action_flag": 1,
            "change_message": "[{\"added\": {}}]"
        }
    },
    {
        "model": "admin.logentry",
        "pk": 34,
        "fields": {
            "action_time": "2024-06-23T17:14:55.102Z",
            "user": 1,
            "content_type": 11,
            "object_id": "9",
            "object_repr": "Doutorado em F├¡sica",
            "action_flag": 1,
            "change_message": "[{\"added\": {}}]"
        }
    },
    {
        "model": "admin.logentry",
        "pk": 35,
        "fields": {
            "action_time": "2024-06-23T17:16:13.323Z",
            "user": 1,
            "content_type": 11,
            "object_id": "10",
            "object_repr": "Gradua├º├úo em F├¡sica",
            "action_flag": 1,
            "change_message": "[{\"added\": {}}]"
        }
    },
    {
        "model": "admin.logentry",
        "pk": 36,
        "fields": {
            "action_time": "2024-06-23T17:17:07.435Z",
            "user": 1,
            "content_type": 11,
            "object_id": "5",
            "object_repr": "Doutorado em Biotecnologia",
            "action_flag": 3,
            "change_message": ""
        }
    },
    {
        "model": "admin.logentry",
        "pk": 37,
        "fields": {
            "action_time": "2024-06-23T17:17:17.362Z",
            "user": 1,
            "content_type": 10,
            "object_id": "5",
            "object_repr": "Ana Luiza Melo",
            "action_flag": 3,
            "change_message": ""
        }
    },
    {
        "model": "admin.logentry",
        "pk": 38,
        "fields": {
            "action_time": "2024-06-23T17:18:33.195Z",
            "user": 1,
            "content_type": 14,
            "object_id": "5",
            "object_repr": "F├¡sica Geral",
            "action_flag": 1,
            "change_message": "[{\"added\": {}}]"
        }
    },
    {
        "model": "admin.logentry",
        "pk": 39,
        "fields": {
            "action_time": "2024-06-23T17:18:42.462Z",
            "user": 1,
            "content_type": 14,
            "object_id": "6",
            "object_repr": "├üreas Cl├íssicas de Fenomenologia e suas Aplica├º├Áes",
            "action_flag": 1,
            "change_message": "[{\"added\": {}}]"
        }
    },
    {
        "model": "admin.logentry",
        "pk": 40,
        "fields": {
            "action_time": "2024-06-23T17:18:54.770Z",
            "user": 1,
            "content_type": 14,
            "object_id": "7",
            "object_repr": "F├¡sica das Part├¡culas Elementares e Campos",
            "action_flag": 1,
            "change_message": "[{\"added\": {}}]"
        }
    },
    {
        "model": "admin.logentry",
        "pk": 41,
        "fields": {
            "action_time": "2024-06-23T17:19:04.414Z",
            "user": 1,
            "content_type": 14,
            "object_id": "8",
            "object_repr": "F├¡sica Nuclear",
            "action_flag": 1,
            "change_message": "[{\"added\": {}}]"
        }
    },
    {
        "model": "admin.logentry",
        "pk": 42,
        "fields": {
            "action_time": "2024-06-23T17:19:14.092Z",
            "user": 1,
            "content_type": 14,
            "object_id": "9",
            "object_repr": "F├¡sica At├┤mica e Molecular",
            "action_flag": 1,
            "change_message": "[{\"added\": {}}]"
        }
    },
    {
        "model": "admin.logentry",
        "pk": 43,
        "fields": {
            "action_time": "2024-06-23T17:19:24.913Z",
            "user": 1,
            "content_type": 14,
            "object_id": "10",
            "object_repr": "F├¡sica dos Flu├¡dos, F├¡sica de Plasmas e Descargas El├®tricas",
            "action_flag": 1,
            "change_message": "[{\"added\": {}}]"
        }
    },
    {
        "model": "admin.logentry",
        "pk": 44,
        "fields": {
            "action_time": "2024-06-23T17:19:34.916Z",
            "user": 1,
            "content_type": 14,
            "object_id": "11",
            "object_repr": "F├¡sica da Mat├®ria Condensada",
            "action_flag": 1,
            "change_message": "[{\"added\": {}}]"
        }
    },
    {
        "model": "admin.logentry",
        "pk": 45,
        "fields": {
            "action_time": "2024-06-23T17:20:19.777Z",
            "user": 1,
            "content_type": 14,
            "object_id": "12",
            "object_repr": "Fundamentos e Medidas da Psicologia",
            "action_flag": 1,
            "change_message": "[{\"added\": {}}]"
        }
    },
    {
        "model": "admin.logentry",
        "pk": 46,
        "fields": {
            "action_time": "2024-06-23T17:20:40.117Z",
            "user": 1,
            "content_type": 14,
            "object_id": "13",
            "object_repr": "Psicologia Experimental",
            "action_flag": 1,
            "change_message": "[{\"added\": {}}]"
        }
    },
    {
        "model": "admin.logentry",
        "pk": 47,
        "fields": {
            "action_time": "2024-06-23T17:20:51.932Z",
            "user": 1,
            "content_type": 14,
            "object_id": "14",
            "object_repr": "Psicologia Fisiol├│gica",
            "action_flag": 1,
            "change_message": "[{\"added\": {}}]"
        }
    },
    {
        "model": "admin.logentry",
        "pk": 48,
        "fields": {
            "action_time": "2024-06-23T17:21:01.334Z",
            "user": 1,
            "content_type": 14,
            "object_id": "15",
            "object_repr": "Psicologia Comparativa",
            "action_flag": 1,
            "change_message": "[{\"added\": {}}]"
        }
    },
    {
        "model": "admin.logentry",
        "pk": 49,
        "fields": {
            "action_time": "2024-06-23T17:21:08.706Z",
            "user": 1,
            "content_type": 14,
            "object_id": "16",
            "object_repr": "Psicologia Social",
            "action_flag": 1,
            "change_message": "[{\"added\": {}}]"
        }
    },
    {
        "model": "admin.logentry",
        "pk": 50,
        "fields": {
            "action_time": "2024-06-23T17:21:18.803Z",
            "user": 1,
            "content_type": 14,
            "object_id": "17",
            "object_repr": "Psicologia Cognitiva",
            "action_flag": 1,
            "change_message": "[{\"added\": {}}]"
        }
    },
    {
        "model": "admin.logentry",
        "pk": 51,
        "fields": {
            "action_time": "2024-06-23T17:21:52.368Z",
            "user": 1,
            "content_type": 14,
            "object_id": "18",
            "object_repr": "Biof├¡sica Molecular",
            "action_flag": 1,
            "change_message": "[{\"added\": {}}]"
        }
    },
    {
        "model": "admin.logentry",
        "pk": 52,
        "fields": {
            "action_time": "2024-06-23T17:22:01.848Z",
            "user": 1,
            "content_type": 14,
            "object_id": "19",
            "object_repr": "Biof├¡sica Celular",
            "action_flag": 1,
            "change_message": "[{\"added\": {}}]"
        }
    },
    {
        "model": "admin.logentry",
        "pk": 53,
        "fields": {
            "action_time": "2024-06-23T17:22:14.056Z",
            "user": 1,
            "content_type": 14,
            "object_id": "20",
            "object_repr": "Biof├¡sica de Processos e Sistemas",
            "action_flag": 1,
            "change_message": "[{\"added\": {}}]"
        }
    },
    {
        "model": "admin.logentry",
        "pk": 54,
        "fields": {
            "action_time": "2024-06-23T17:22:22.013Z",
            "user": 1,
            "content_type": 14,
            "object_id": "21",
            "object_repr": "Radiologia e Fotobiologia",
            "action_flag": 1,
            "change_message": "[{\"added\": {}}]"
        }
    },
    {
        "model": "admin.logentry",
        "pk": 55,
        "fields": {
            "action_time": "2024-06-23T17:23:46.596Z",
            "user": 1,
            "content_type": 10,
            "object_id": "7",
            "object_repr": "Natsuki Subaru",
            "action_flag": 1,
            "change_message": "[{\"added\": {}}]"
        }
    },
    {
        "model": "admin.logentry",
        "pk": 56,
        "fields": {
            "action_time": "2024-06-23T17:24:18.522Z",
            "user": 1,
            "content_type": 11,
            "object_id": "11",
            "object_repr": "Bacharelado em Ci├¬ncias da Computa├º├úo",
            "action_flag": 1,
            "change_message": "[{\"added\": {}}]"
        }
    },
    {
        "model": "admin.logentry",
        "pk": 57,
        "fields": {
            "action_time": "2024-06-23T17:27:10.603Z",
            "user": 1,
            "content_type": 8,
            "object_id": "1",
            "object_repr": "0001 - CNPq",
            "action_flag": 1,
            "change_message": "[{\"added\": {}}]"
        }
    },
    {
        "model": "admin.logentry",
        "pk": 58,
        "fields": {
            "action_time": "2024-06-23T17:28:55.884Z",
            "user": 1,
            "content_type": 12,
            "object_id": "1",
            "object_repr": "Estudo da Aplica├º├úo de Grafos de M├║ltiplas Camadas",
            "action_flag": 1,
            "change_message": "[{\"added\": {}}]"
        }
    },
    {
        "model": "admin.logentry",
        "pk": 59,
        "fields": {
            "action_time": "2024-06-23T17:30:52.038Z",
            "user": 1,
            "content_type": 13,
            "object_id": "1",
            "object_repr": "Bell Cranel Algorithm",
            "action_flag": 1,
            "change_message": "[{\"added\": {}}]"
        }
    },
    {
        "model": "admin.logentry",
        "pk": 60,
        "fields": {
            "action_time": "2024-06-23T17:33:46.224Z",
            "user": 1,
            "content_type": 13,
            "object_id": "2",
            "object_repr": "Estruturas 3D Representados por Grafos em Camadas",
            "action_flag": 1,
            "change_message": "[{\"added\": {}}]"
        }
    },
    {
        "model": "admin.logentry",
        "pk": 61,
        "fields": {
            "action_time": "2024-06-23T17:33:53.886Z",
            "user": 1,
            "content_type": 13,
            "object_id": "1",
            "object_repr": "Bell Cranel Algorithm",
            "action_flag": 2,
            "change_message": "[{\"changed\": {\"fields\": [\"Tipo producao\"]}}]"
        }
    },
    {
        "model": "admin.logentry",
        "pk": 62,
        "fields": {
            "action_time": "2024-06-23T17:34:19.580Z",
            "user": 1,
            "content_type": 12,
            "object_id": "1",
            "object_repr": "Estudo da Aplica├º├úo de Grafos de M├║ltiplas Camadas",
            "action_flag": 2,
            "change_message": "[{\"changed\": {\"fields\": [\"Subareas\"]}}]"
        }
    },
    {
        "model": "admin.logentry",
        "pk": 63,
        "fields": {
            "action_time": "2024-06-23T17:34:24.721Z",
            "user": 1,
            "content_type": 12,
            "object_id": "1",
            "object_repr": "Estudo da Aplica├º├úo de Grafos de M├║ltiplas Camadas",
            "action_flag": 2,
            "change_message": "[]"
        }
    },
    {
        "model": "admin.logentry",
        "pk": 64,
        "fields": {
            "action_time": "2024-06-23T17:40:51.194Z",
            "user": 1,
            "content_type": 8,
            "object_id": "2",
            "object_repr": "0002 - Fabesp",
            "action_flag": 1,
            "change_message": "[{\"added\": {}}]"
        }
    },
    {
        "model": "admin.logentry",
        "pk": 65,
        "fields": {
            "action_time": "2024-06-23T18:05:33.318Z",
            "user": 1,
            "content_type": 12,
            "object_id": "2",
            "object_repr": "Pesquisa em F├¡sica de Materiais Avan├ºados",
            "action_flag": 1,
            "change_message": "[{\"added\": {}}]"
        }
    },
    {
        "model": "admin.logentry",
        "pk": 66,
        "fields": {
            "action_time": "2024-06-23T18:06:14.940Z",
            "user": 1,
            "content_type": 12,
            "object_id": "2",
            "object_repr": "Pesquisa em F├¡sica de Flu├¡dos Avan├ºados",
            "action_flag": 2,
            "change_message": "[{\"changed\": {\"fields\": [\"Titulo\"]}}]"
        }
    },
    {
        "model": "admin.logentry",
        "pk": 67,
        "fields": {
            "action_time": "2024-06-23T18:06:28.020Z",
            "user": 1,
            "content_type": 8,
            "object_id": "2",
            "object_repr": "0002 - Fabesp",
            "action_flag": 2,
            "change_message": "[{\"changed\": {\"fields\": [\"Descricao\"]}}]"
        }
    },
    {
        "model": "admin.logentry",
        "pk": 68,
        "fields": {
            "action_time": "2024-06-23T18:09:23.184Z",
            "user": 1,
            "content_type": 13,
            "object_id": "3",
            "object_repr": "Aplica├º├Áes de Superfluidos na Ind├║stria: Desafios e Perspectivas",
            "action_flag": 1,
            "change_message": "[{\"added\": {}}]"
        }
    },
    {
        "model": "admin.logentry",
        "pk": 69,
        "fields": {
            "action_time": "2024-06-23T18:11:29.840Z",
            "user": 1,
            "content_type": 8,
            "object_id": "3",
            "object_repr": "0003 - CNPq",
            "action_flag": 1,
            "change_message": "[{\"added\": {}}]"
        }
    },
    {
        "model": "admin.logentry",
        "pk": 70,
        "fields": {
            "action_time": "2024-06-23T18:11:59.689Z",
            "user": 1,
            "content_type": 12,
            "object_id": "3",
            "object_repr": "Estudo Interdisciplinar sobre Comportamento e Cogni├º├úo",
            "action_flag": 1,
            "change_message": "[{\"added\": {}}]"
        }
    },
    {
        "model": "admin.logentry",
        "pk": 71,
        "fields": {
            "action_time": "2024-06-23T18:12:24.631Z",
            "user": 1,
            "content_type": 12,
            "object_id": "3",
            "object_repr": "Estudo Interdisciplinar sobre Comportamento e Cogni├º├úo",
            "action_flag": 2,
            "change_message": "[{\"changed\": {\"fields\": [\"Situacao\"]}}]"
        }
    },
    {
        "model": "admin.logentry",
        "pk": 72,
        "fields": {
            "action_time": "2024-06-23T18:12:46.852Z",
            "user": 1,
            "content_type": 12,
            "object_id": "3",
            "object_repr": "Estudo Interdisciplinar sobre Comportamento e Cogni├º├úo",
            "action_flag": 2,
            "change_message": "[{\"changed\": {\"fields\": [\"Data conclusao\"]}}]"
        }
    },
    {
        "model": "admin.logentry",
        "pk": 73,
        "fields": {
            "action_time": "2024-06-23T18:14:36.200Z",
            "user": 1,
            "content_type": 8,
            "object_id": "4",
            "object_repr": "0004 - CNPq",
            "action_flag": 1,
            "change_message": "[{\"added\": {}}]"
        }
    },
    {
        "model": "admin.logentry",
        "pk": 74,
        "fields": {
            "action_time": "2024-06-23T18:15:32.991Z",
            "user": 1,
            "content_type": 12,
            "object_id": "4",
            "object_repr": "Desenvolvimento de Modelos Computacionais em Biof├¡sica Molecular",
            "action_flag": 1,
            "change_message": "[{\"added\": {}}]"
        }
    },
    {
        "model": "admin.logentry",
        "pk": 75,
        "fields": {
            "action_time": "2024-06-23T18:16:04.252Z",
            "user": 1,
            "content_type": 12,
            "object_id": "4",
            "object_repr": "Desenvolvimento de Modelos Computacionais em Biof├¡sica Molecular",
            "action_flag": 2,
            "change_message": "[{\"changed\": {\"fields\": [\"Pesquisadores\"]}}]"
        }
    },
    {
        "model": "admin.logentry",
        "pk": 76,
        "fields": {
            "action_time": "2024-06-23T18:18:17.492Z",
            "user": 1,
            "content_type": 10,
            "object_id": "8",
            "object_repr": "Hestia Gon├ºalves",
            "action_flag": 1,
            "change_message": "[{\"added\": {}}]"
        }
    },
    {
        "model": "admin.logentry",
        "pk": 77,
        "fields": {
            "action_time": "2024-06-23T18:19:47.448Z",
            "user": 1,
            "content_type": 9,
            "object_id": "7",
            "object_repr": "Universidade Federal de Sergipe",
            "action_flag": 1,
            "change_message": "[{\"added\": {}}]"
        }
    },
    {
        "model": "admin.logentry",
        "pk": 78,
        "fields": {
            "action_time": "2024-06-23T18:20:29.822Z",
            "user": 1,
            "content_type": 11,
            "object_id": "12",
            "object_repr": "Gradua├º├úo em Licenciatura em F├¡sica",
            "action_flag": 1,
            "change_message": "[{\"added\": {}}]"
        }
    },
    {
        "model": "admin.logentry",
        "pk": 79,
        "fields": {
            "action_time": "2024-06-23T18:21:15.087Z",
            "user": 1,
            "content_type": 11,
            "object_id": "13",
            "object_repr": "Mestrado em F├¡sica",
            "action_flag": 1,
            "change_message": "[{\"added\": {}}]"
        }
    },
    {
        "model": "admin.logentry",
        "pk": 80,
        "fields": {
            "action_time": "2024-06-23T18:22:01.919Z",
            "user": 1,
            "content_type": 11,
            "object_id": "14",
            "object_repr": "Doutorado em F├¡sica",
            "action_flag": 1,
            "change_message": "[{\"added\": {}}]"
        }
    },
    {
        "model": "admin.logentry",
        "pk": 81,
        "fields": {
            "action_time": "2024-06-23T18:25:09.681Z",
            "user": 1,
            "content_type": 8,
            "object_id": "5",
            "object_repr": "0005 - Fabesp",
            "action_flag": 1,
            "change_message": "[{\"added\": {}}]"
        }
    },
    {
        "model": "admin.logentry",
        "pk": 82,
        "fields": {
            "action_time": "2024-06-23T18:25:29.509Z",
            "user": 1,
            "content_type": 12,
            "object_id": "5",
            "object_repr": "Projeto de Pesquisa em F├¡sica de Part├¡culas Elementares: Explora├º├úo de Novos Modelos Te├│ricos",
            "action_flag": 1,
            "change_message": "[{\"added\": {}}]"
        }
    },
    {
        "model": "admin.logentry",
        "pk": 83,
        "fields": {
            "action_time": "2024-06-23T18:26:37.489Z",
            "user": 1,
            "content_type": 13,
            "object_id": "4",
            "object_repr": "Modelos Al├®m do Modelo Padr├úo: Uma Revis├úo Te├│rica",
            "action_flag": 1,
            "change_message": "[{\"added\": {}}]"
        }
    },
    {
        "model": "admin.logentry",
        "pk": 84,
        "fields": {
            "action_time": "2024-06-23T18:27:55.213Z",
            "user": 1,
            "content_type": 13,
            "object_id": "5",
            "object_repr": "Din├ómica de Campo em Modelos de Part├¡culas Elementares Estendidos",
            "action_flag": 1,
            "change_message": "[{\"added\": {}}]"
        }
    },
    {
        "model": "admin.logentry",
        "pk": 85,
        "fields": {
            "action_time": "2024-06-23T18:28:18.843Z",
            "user": 1,
            "content_type": 13,
            "object_id": "5",
            "object_repr": "Din├ómica de Campo em Modelos de Part├¡culas Elementares",
            "action_flag": 2,
            "change_message": "[{\"changed\": {\"fields\": [\"Titulo\"]}}]"
        }
    },
    {
        "model": "admin.logentry",
        "pk": 86,
        "fields": {
            "action_time": "2024-06-23T18:29:25.606Z",
            "user": 1,
            "content_type": 10,
            "object_id": "8",
            "object_repr": "Hestia Gon├ºalves",
            "action_flag": 2,
            "change_message": "[{\"changed\": {\"fields\": [\"Tipo\"]}}]"
        }
    },
    {
        "model": "admin.logentry",
        "pk": 87,
        "fields": {
            "action_time": "2024-06-23T18:31:53.579Z",
            "user": 1,
            "content_type": 10,
            "object_id": "9",
            "object_repr": "Akira Lima Rodrigues",
            "action_flag": 1,
            "change_message": "[{\"added\": {}}]"
        }
    },
    {
        "model": "admin.logentry",
        "pk": 88,
        "fields": {
            "action_time": "2024-06-23T18:34:28.878Z",
            "user": 1,
            "content_type": 7,
            "object_id": "7",
            "object_repr": "Odontologia",
            "action_flag": 1,
            "change_message": "[{\"added\": {}}]"
        }
    },
    {
        "model": "admin.logentry",
        "pk": 89,
        "fields": {
            "action_time": "2024-06-23T18:35:04.868Z",
            "user": 1,
            "content_type": 11,
            "object_id": "15",
            "object_repr": "Gradua├º├úo em Odontologia",
            "action_flag": 1,
            "change_message": "[{\"added\": {}}]"
        }
    },
    {
        "model": "admin.logentry",
        "pk": 90,
        "fields": {
            "action_time": "2024-06-23T18:35:16.731Z",
            "user": 1,
            "content_type": 14,
            "object_id": "22",
            "object_repr": "Cl├¡nica Odontol├│gica",
            "action_flag": 1,
            "change_message": "[{\"added\": {}}]"
        }
    },
    {
        "model": "admin.logentry",
        "pk": 91,
        "fields": {
            "action_time": "2024-06-23T18:35:25.838Z",
            "user": 1,
            "content_type": 14,
            "object_id": "23",
            "object_repr": "Cirurgia Buco-Maxilo-Facial",
            "action_flag": 1,
            "change_message": "[{\"added\": {}}]"
        }
    },
    {
        "model": "admin.logentry",
        "pk": 92,
        "fields": {
            "action_time": "2024-06-23T18:35:33.522Z",
            "user": 1,
            "content_type": 14,
            "object_id": "24",
            "object_repr": "Ortodontia",
            "action_flag": 1,
            "change_message": "[{\"added\": {}}]"
        }
    },
    {
        "model": "admin.logentry",
        "pk": 93,
        "fields": {
            "action_time": "2024-06-23T18:35:41.056Z",
            "user": 1,
            "content_type": 14,
            "object_id": "25",
            "object_repr": "Odontopediatria",
            "action_flag": 1,
            "change_message": "[{\"added\": {}}]"
        }
    },
    {
        "model": "admin.logentry",
        "pk": 94,
        "fields": {
            "action_time": "2024-06-23T18:35:50.285Z",
            "user": 1,
            "content_type": 14,
            "object_id": "26",
            "object_repr": "Periodontia",
            "action_flag": 1,
            "change_message": "[{\"added\": {}}]"
        }
    },
    {
        "model": "admin.logentry",
        "pk": 95,
        "fields": {
            "action_time": "2024-06-23T18:35:57.042Z",
            "user": 1,
            "content_type": 14,
            "object_id": "27",
            "object_repr": "Endodontia",
            "action_flag": 1,
            "change_message": "[{\"added\": {}}]"
        }
    },
    {
        "model": "admin.logentry",
        "pk": 96,
        "fields": {
            "action_time": "2024-06-23T18:38:17.508Z",
            "user": 1,
            "content_type": 8,
            "object_id": "6",
            "object_repr": "0006 - Fabesp",
            "action_flag": 1,
            "change_message": "[{\"added\": {}}]"
        }
    },
    {
        "model": "admin.logentry",
        "pk": 97,
        "fields": {
            "action_time": "2024-06-23T18:38:51.912Z",
            "user": 1,
            "content_type": 12,
            "object_id": "6",
            "object_repr": "Estrat├®gias Inovadoras para Controle de C├íries Dent├írias",
            "action_flag": 1,
            "change_message": "[{\"added\": {}}]"
        }
    },
    {
        "model": "admin.logentry",
        "pk": 98,
        "fields": {
            "action_time": "2024-06-23T18:40:06.421Z",
            "user": 1,
            "content_type": 13,
            "object_id": "6",
            "object_repr": "Estrat├®gias de Controle de C├íries Dent├írias: Revis├úo de Interven├º├Áes Eficazes",
            "action_flag": 1,
            "change_message": "[{\"added\": {}}]"
        }
    },
    {
        "model": "admin.logentry",
        "pk": 99,
        "fields": {
            "action_time": "2024-06-23T18:40:15.656Z",
            "user": 1,
            "content_type": 13,
            "object_id": "6",
            "object_repr": "Revis├úo de Interven├º├Áes Eficazes",
            "action_flag": 2,
            "change_message": "[{\"changed\": {\"fields\": [\"Titulo\"]}}]"
        }
    },
    {
        "model": "admin.logentry",
        "pk": 100,
        "fields": {
            "action_time": "2024-06-23T18:41:17.819Z",
            "user": 1,
            "content_type": 13,
            "object_id": "7",
            "object_repr": "Avalia├º├úo da Efetividade de um Enxaguat├│rio Bucal",
            "action_flag": 1,
            "change_message": "[{\"added\": {}}]"
        }
    },
    {
        "model": "admin.logentry",
        "pk": 101,
        "fields": {
            "action_time": "2024-06-23T18:41:52.589Z",
            "user": 1,
            "content_type": 13,
            "object_id": "8",
            "object_repr": "Promovendo H├íbitos Saud├íveis para Preven├º├úo de C├íries Dent├írias",
            "action_flag": 1,
            "change_message": "[{\"added\": {}}]"
        }
    },
    {
        "model": "admin.logentry",
        "pk": 102,
        "fields": {
            "action_time": "2024-06-23T18:42:01.956Z",
            "user": 1,
            "content_type": 13,
            "object_id": "8",
            "object_repr": "H├íbitos Saud├íveis para Preven├º├úo de C├íries Dent├írias",
            "action_flag": 2,
            "change_message": "[{\"changed\": {\"fields\": [\"Titulo\"]}}]"
        }
    },
    {
        "model": "admin.logentry",
        "pk": 103,
        "fields": {
            "action_time": "2024-06-23T18:44:21.679Z",
            "user": 1,
            "content_type": 12,
            "object_id": "7",
            "object_repr": "Desenvolvimento de Biomateriais para Regenera├º├úo ├ôssea",
            "action_flag": 1,
            "change_message": "[{\"added\": {}}]"
        }
    },
    {
        "model": "admin.logentry",
        "pk": 104,
        "fields": {
            "action_time": "2024-06-23T18:50:46.648Z",
            "user": 1,
            "content_type": 10,
            "object_id": "10",
            "object_repr": "Emilia Zero Sunderland",
            "action_flag": 1,
            "change_message": "[{\"added\": {}}]"
        }
    },
    {
        "model": "admin.logentry",
        "pk": 105,
        "fields": {
            "action_time": "2024-06-23T18:51:54.478Z",
            "user": 1,
            "content_type": 7,
            "object_id": "8",
            "object_repr": "Engenharia agr├¡cola",
            "action_flag": 1,
            "change_message": "[{\"added\": {}}]"
        }
    },
    {
        "model": "admin.logentry",
        "pk": 106,
        "fields": {
            "action_time": "2024-06-23T18:52:12.880Z",
            "user": 1,
            "content_type": 11,
            "object_id": "16",
            "object_repr": "Gradua├º├úo em Engenharia Agr├¡cola",
            "action_flag": 1,
            "change_message": "[{\"added\": {}}]"
        }
    },
    {
        "model": "admin.logentry",
        "pk": 107,
        "fields": {
            "action_time": "2024-06-23T18:52:29.614Z",
            "user": 1,
            "content_type": 14,
            "object_id": "28",
            "object_repr": "M├íquinas e Implementos Agr├¡colas",
            "action_flag": 1,
            "change_message": "[{\"added\": {}}]"
        }
    },
    {
        "model": "admin.logentry",
        "pk": 108,
        "fields": {
            "action_time": "2024-06-23T18:52:38.477Z",
            "user": 1,
            "content_type": 14,
            "object_id": "29",
            "object_repr": "Engenharia de ├ügua e Solo",
            "action_flag": 1,
            "change_message": "[{\"added\": {}}]"
        }
    },
    {
        "model": "admin.logentry",
        "pk": 109,
        "fields": {
            "action_time": "2024-06-23T18:52:46.079Z",
            "user": 1,
            "content_type": 14,
            "object_id": "30",
            "object_repr": "Engenharia de Processamento de Produtos Agr├¡colas",
            "action_flag": 1,
            "change_message": "[{\"added\": {}}]"
        }
    },
    {
        "model": "admin.logentry",
        "pk": 110,
        "fields": {
            "action_time": "2024-06-23T18:52:54.779Z",
            "user": 1,
            "content_type": 14,
            "object_id": "31",
            "object_repr": "Constru├º├Áes Rurais e Ambi├¬ncia",
            "action_flag": 1,
            "change_message": "[{\"added\": {}}]"
        }
    },
    {
        "model": "admin.logentry",
        "pk": 111,
        "fields": {
            "action_time": "2024-06-23T18:53:02.657Z",
            "user": 1,
            "content_type": 14,
            "object_id": "32",
            "object_repr": "Energiza├º├úo Rural",
            "action_flag": 1,
            "change_message": "[{\"added\": {}}]"
        }
    },
    {
        "model": "admin.logentry",
        "pk": 112,
        "fields": {
            "action_time": "2024-06-23T18:54:06.811Z",
            "user": 1,
            "content_type": 11,
            "object_id": "17",
            "object_repr": "Mestrado em Engenharia Agr├¡cola",
            "action_flag": 1,
            "change_message": "[{\"added\": {}}]"
        }
    },
    {
        "model": "admin.logentry",
        "pk": 113,
        "fields": {
            "action_time": "2024-06-23T18:54:11.940Z",
            "user": 1,
            "content_type": 10,
            "object_id": "10",
            "object_repr": "Emilia Zero Sunderland",
            "action_flag": 2,
            "change_message": "[{\"changed\": {\"fields\": [\"Tipo\"]}}]"
        }
    },
    {
        "model": "admin.logentry",
        "pk": 114,
        "fields": {
            "action_time": "2024-06-23T18:54:20.531Z",
            "user": 1,
            "content_type": 10,
            "object_id": "10",
            "object_repr": "Emilia Zero Sunderland",
            "action_flag": 2,
            "change_message": "[{\"changed\": {\"fields\": [\"Tipo\"]}}]"
        }
    },
    {
        "model": "admin.logentry",
        "pk": 115,
        "fields": {
            "action_time": "2024-06-23T18:56:27.323Z",
            "user": 1,
            "content_type": 10,
            "object_id": "11",
            "object_repr": "Yasmin Vieira",
            "action_flag": 1,
            "change_message": "[{\"added\": {}}]"
        }
    },
    {
        "model": "admin.logentry",
        "pk": 116,
        "fields": {
            "action_time": "2024-06-23T18:57:04.963Z",
            "user": 1,
            "content_type": 7,
            "object_id": "9",
            "object_repr": "Qu├¡mica",
            "action_flag": 1,
            "change_message": "[{\"added\": {}}]"
        }
    },
    {
        "model": "admin.logentry",
        "pk": 117,
        "fields": {
            "action_time": "2024-06-23T18:57:15.251Z",
            "user": 1,
            "content_type": 11,
            "object_id": "18",
            "object_repr": "Gradua├º├úo em Qu├¡mica - Bacharelado",
            "action_flag": 1,
            "change_message": "[{\"added\": {}}]"
        }
    },
    {
        "model": "admin.logentry",
        "pk": 118,
        "fields": {
            "action_time": "2024-06-23T18:59:38.501Z",
            "user": 1,
            "content_type": 8,
            "object_id": "7",
            "object_repr": "0007 - CAPES",
            "action_flag": 1,
            "change_message": "[{\"added\": {}}]"
        }
    },
    {
        "model": "admin.logentry",
        "pk": 119,
        "fields": {
            "action_time": "2024-06-23T19:00:44.144Z",
            "user": 1,
            "content_type": 14,
            "object_id": "33",
            "object_repr": "Qu├¡mica Org├ónica",
            "action_flag": 1,
            "change_message": "[{\"added\": {}}]"
        }
    },
    {
        "model": "admin.logentry",
        "pk": 120,
        "fields": {
            "action_time": "2024-06-23T19:01:05.856Z",
            "user": 1,
            "content_type": 14,
            "object_id": "34",
            "object_repr": "F├¡sico-Qu├¡mica",
            "action_flag": 1,
            "change_message": "[{\"added\": {}}]"
        }
    },
    {
        "model": "admin.logentry",
        "pk": 121,
        "fields": {
            "action_time": "2024-06-23T19:01:34.211Z",
            "user": 1,
            "content_type": 12,
            "object_id": "8",
            "object_repr": "Desenvolvimento de adsorventes avan├ºados a partir de res├¡duos para aplica├º├Áes industriais",
            "action_flag": 1,
            "change_message": "[{\"added\": {}}]"
        }
    },
    {
        "model": "admin.logentry",
        "pk": 122,
        "fields": {
            "action_time": "2024-06-23T19:03:45.126Z",
            "user": 1,
            "content_type": 10,
            "object_id": "12",
            "object_repr": "Ricardo Vargas Dorneles",
            "action_flag": 1,
            "change_message": "[{\"added\": {}}]"
        }
    },
    {
        "model": "admin.logentry",
        "pk": 123,
        "fields": {
            "action_time": "2024-06-23T19:05:23.317Z",
            "user": 1,
            "content_type": 7,
            "object_id": "10",
            "object_repr": "Engenharia El├®trica",
            "action_flag": 1,
            "change_message": "[{\"added\": {}}]"
        }
    },
    {
        "model": "admin.logentry",
        "pk": 124,
        "fields": {
            "action_time": "2024-06-23T19:05:30.208Z",
            "user": 1,
            "content_type": 11,
            "object_id": "19",
            "object_repr": "Gradua├º├úo em Engenharia El├®trica",
            "action_flag": 1,
            "change_message": "[{\"added\": {}}]"
        }
    },
    {
        "model": "admin.logentry",
        "pk": 125,
        "fields": {
            "action_time": "2024-06-23T19:07:01.872Z",
            "user": 1,
            "content_type": 11,
            "object_id": "20",
            "object_repr": "Mestrado em Computa├º├úo",
            "action_flag": 1,
            "change_message": "[{\"added\": {}}]"
        }
    },
    {
        "model": "admin.logentry",
        "pk": 126,
        "fields": {
            "action_time": "2024-06-23T19:07:56.164Z",
            "user": 1,
            "content_type": 11,
            "object_id": "21",
            "object_repr": "Doutorado em Computa├º├úo",
            "action_flag": 1,
            "change_message": "[{\"added\": {}}]"
        }
    },
    {
        "model": "admin.logentry",
        "pk": 127,
        "fields": {
            "action_time": "2024-06-23T19:08:47.361Z",
            "user": 1,
            "content_type": 7,
            "object_id": "3",
            "object_repr": "Biotecnologia",
            "action_flag": 3,
            "change_message": ""
        }
    },
    {
        "model": "admin.logentry",
        "pk": 128,
        "fields": {
            "action_time": "2024-06-23T19:13:22.811Z",
            "user": 1,
            "content_type": 8,
            "object_id": "8",
            "object_repr": "0008 - Fabesp",
            "action_flag": 1,
            "change_message": "[{\"added\": {}}]"
        }
    },
    {
        "model": "admin.logentry",
        "pk": 129,
        "fields": {
            "action_time": "2024-06-23T19:14:40.026Z",
            "user": 1,
            "content_type": 12,
            "object_id": "9",
            "object_repr": "Operacionaliza├º├úo de um Modelo 3D de Hidrodin├ómica e Transporte de Massa",
            "action_flag": 1,
            "change_message": "[{\"added\": {}}]"
        }
    },
    {
        "model": "admin.logentry",
        "pk": 130,
        "fields": {
            "action_time": "2024-06-23T19:17:04.209Z",
            "user": 1,
            "content_type": 13,
            "object_id": "9",
            "object_repr": "Processamento de Alto Desempenho aplicado a modelos computacionais de din├ómica de fluidos ambiental",
            "action_flag": 1,
            "change_message": "[{\"added\": {}}]"
        }
    },
    {
        "model": "admin.logentry",
        "pk": 131,
        "fields": {
            "action_time": "2024-06-23T19:17:49.407Z",
            "user": 1,
            "content_type": 13,
            "object_id": "10",
            "object_repr": "Solu├º├úo Paralela de Equa├º├Áes Diferenciais Parciais no Modelo Hidra",
            "action_flag": 1,
            "change_message": "[{\"added\": {}}]"
        }
    },
    {
        "model": "auth.permission",
        "pk": 1,
        "fields": {
            "name": "Can add log entry",
            "content_type": 1,
            "codename": "add_logentry"
        }
    },
    {
        "model": "auth.permission",
        "pk": 2,
        "fields": {
            "name": "Can change log entry",
            "content_type": 1,
            "codename": "change_logentry"
        }
    },
    {
        "model": "auth.permission",
        "pk": 3,
        "fields": {
            "name": "Can delete log entry",
            "content_type": 1,
            "codename": "delete_logentry"
        }
    },
    {
        "model": "auth.permission",
        "pk": 4,
        "fields": {
            "name": "Can view log entry",
            "content_type": 1,
            "codename": "view_logentry"
        }
    },
    {
        "model": "auth.permission",
        "pk": 5,
        "fields": {
            "name": "Can add permission",
            "content_type": 2,
            "codename": "add_permission"
        }
    },
    {
        "model": "auth.permission",
        "pk": 6,
        "fields": {
            "name": "Can change permission",
            "content_type": 2,
            "codename": "change_permission"
        }
    },
    {
        "model": "auth.permission",
        "pk": 7,
        "fields": {
            "name": "Can delete permission",
            "content_type": 2,
            "codename": "delete_permission"
        }
    },
    {
        "model": "auth.permission",
        "pk": 8,
        "fields": {
            "name": "Can view permission",
            "content_type": 2,
            "codename": "view_permission"
        }
    },
    {
        "model": "auth.permission",
        "pk": 9,
        "fields": {
            "name": "Can add group",
            "content_type": 3,
            "codename": "add_group"
        }
    },
    {
        "model": "auth.permission",
        "pk": 10,
        "fields": {
            "name": "Can change group",
            "content_type": 3,
            "codename": "change_group"
        }
    },
    {
        "model": "auth.permission",
        "pk": 11,
        "fields": {
            "name": "Can delete group",
            "content_type": 3,
            "codename": "delete_group"
        }
    },
    {
        "model": "auth.permission",
        "pk": 12,
        "fields": {
            "name": "Can view group",
            "content_type": 3,
            "codename": "view_group"
        }
    },
    {
        "model": "auth.permission",
        "pk": 13,
        "fields": {
            "name": "Can add user",
            "content_type": 4,
            "codename": "add_user"
        }
    },
    {
        "model": "auth.permission",
        "pk": 14,
        "fields": {
            "name": "Can change user",
            "content_type": 4,
            "codename": "change_user"
        }
    },
    {
        "model": "auth.permission",
        "pk": 15,
        "fields": {
            "name": "Can delete user",
            "content_type": 4,
            "codename": "delete_user"
        }
    },
    {
        "model": "auth.permission",
        "pk": 16,
        "fields": {
            "name": "Can view user",
            "content_type": 4,
            "codename": "view_user"
        }
    },
    {
        "model": "auth.permission",
        "pk": 17,
        "fields": {
            "name": "Can add content type",
            "content_type": 5,
            "codename": "add_contenttype"
        }
    },
    {
        "model": "auth.permission",
        "pk": 18,
        "fields": {
            "name": "Can change content type",
            "content_type": 5,
            "codename": "change_contenttype"
        }
    },
    {
        "model": "auth.permission",
        "pk": 19,
        "fields": {
            "name": "Can delete content type",
            "content_type": 5,
            "codename": "delete_contenttype"
        }
    },
    {
        "model": "auth.permission",
        "pk": 20,
        "fields": {
            "name": "Can view content type",
            "content_type": 5,
            "codename": "view_contenttype"
        }
    },
    {
        "model": "auth.permission",
        "pk": 21,
        "fields": {
            "name": "Can add session",
            "content_type": 6,
            "codename": "add_session"
        }
    },
    {
        "model": "auth.permission",
        "pk": 22,
        "fields": {
            "name": "Can change session",
            "content_type": 6,
            "codename": "change_session"
        }
    },
    {
        "model": "auth.permission",
        "pk": 23,
        "fields": {
            "name": "Can delete session",
            "content_type": 6,
            "codename": "delete_session"
        }
    },
    {
        "model": "auth.permission",
        "pk": 24,
        "fields": {
            "name": "Can view session",
            "content_type": 6,
            "codename": "view_session"
        }
    },
    {
        "model": "auth.permission",
        "pk": 25,
        "fields": {
            "name": "Can add area",
            "content_type": 7,
            "codename": "add_area"
        }
    },
    {
        "model": "auth.permission",
        "pk": 26,
        "fields": {
            "name": "Can change area",
            "content_type": 7,
            "codename": "change_area"
        }
    },
    {
        "model": "auth.permission",
        "pk": 27,
        "fields": {
            "name": "Can delete area",
            "content_type": 7,
            "codename": "delete_area"
        }
    },
    {
        "model": "auth.permission",
        "pk": 28,
        "fields": {
            "name": "Can view area",
            "content_type": 7,
            "codename": "view_area"
        }
    },
    {
        "model": "auth.permission",
        "pk": 29,
        "fields": {
            "name": "Can add fomento",
            "content_type": 8,
            "codename": "add_fomento"
        }
    },
    {
        "model": "auth.permission",
        "pk": 30,
        "fields": {
            "name": "Can change fomento",
            "content_type": 8,
            "codename": "change_fomento"
        }
    },
    {
        "model": "auth.permission",
        "pk": 31,
        "fields": {
            "name": "Can delete fomento",
            "content_type": 8,
            "codename": "delete_fomento"
        }
    },
    {
        "model": "auth.permission",
        "pk": 32,
        "fields": {
            "name": "Can view fomento",
            "content_type": 8,
            "codename": "view_fomento"
        }
    },
    {
        "model": "auth.permission",
        "pk": 33,
        "fields": {
            "name": "Can add instituicao",
            "content_type": 9,
            "codename": "add_instituicao"
        }
    },
    {
        "model": "auth.permission",
        "pk": 34,
        "fields": {
            "name": "Can change instituicao",
            "content_type": 9,
            "codename": "change_instituicao"
        }
    },
    {
        "model": "auth.permission",
        "pk": 35,
        "fields": {
            "name": "Can delete instituicao",
            "content_type": 9,
            "codename": "delete_instituicao"
        }
    },
    {
        "model": "auth.permission",
        "pk": 36,
        "fields": {
            "name": "Can view instituicao",
            "content_type": 9,
            "codename": "view_instituicao"
        }
    },
    {
        "model": "auth.permission",
        "pk": 37,
        "fields": {
            "name": "Can add pesquisador",
            "content_type": 10,
            "codename": "add_pesquisador"
        }
    },
    {
        "model": "auth.permission",
        "pk": 38,
        "fields": {
            "name": "Can change pesquisador",
            "content_type": 10,
            "codename": "change_pesquisador"
        }
    },
    {
        "model": "auth.permission",
        "pk": 39,
        "fields": {
            "name": "Can delete pesquisador",
            "content_type": 10,
            "codename": "delete_pesquisador"
        }
    },
    {
        "model": "auth.permission",
        "pk": 40,
        "fields": {
            "name": "Can view pesquisador",
            "content_type": 10,
            "codename": "view_pesquisador"
        }
    },
    {
        "model": "auth.permission",
        "pk": 41,
        "fields": {
            "name": "Can add formacao academica",
            "content_type": 11,
            "codename": "add_formacaoacademica"
        }
    },
    {
        "model": "auth.permission",
        "pk": 42,
        "fields": {
            "name": "Can change formacao academica",
            "content_type": 11,
            "codename": "change_formacaoacademica"
        }
    },
    {
        "model": "auth.permission",
        "pk": 43,
        "fields": {
            "name": "Can delete formacao academica",
            "content_type": 11,
            "codename": "delete_formacaoacademica"
        }
    },
    {
        "model": "auth.permission",
        "pk": 44,
        "fields": {
            "name": "Can view formacao academica",
            "content_type": 11,
            "codename": "view_formacaoacademica"
        }
    },
    {
        "model": "auth.permission",
        "pk": 45,
        "fields": {
            "name": "Can add projeto",
            "content_type": 12,
            "codename": "add_projeto"
        }
    },
    {
        "model": "auth.permission",
        "pk": 46,
        "fields": {
            "name": "Can change projeto",
            "content_type": 12,
            "codename": "change_projeto"
        }
    },
    {
        "model": "auth.permission",
        "pk": 47,
        "fields": {
            "name": "Can delete projeto",
            "content_type": 12,
            "codename": "delete_projeto"
        }
    },
    {
        "model": "auth.permission",
        "pk": 48,
        "fields": {
            "name": "Can view projeto",
            "content_type": 12,
            "codename": "view_projeto"
        }
    },
    {
        "model": "auth.permission",
        "pk": 49,
        "fields": {
            "name": "Can add producao",
            "content_type": 13,
            "codename": "add_producao"
        }
    },
    {
        "model": "auth.permission",
        "pk": 50,
        "fields": {
            "name": "Can change producao",
            "content_type": 13,
            "codename": "change_producao"
        }
    },
    {
        "model": "auth.permission",
        "pk": 51,
        "fields": {
            "name": "Can delete producao",
            "content_type": 13,
            "codename": "delete_producao"
        }
    },
    {
        "model": "auth.permission",
        "pk": 52,
        "fields": {
            "name": "Can view producao",
            "content_type": 13,
            "codename": "view_producao"
        }
    },
    {
        "model": "auth.permission",
        "pk": 53,
        "fields": {
            "name": "Can add sub area",
            "content_type": 14,
            "codename": "add_subarea"
        }
    },
    {
        "model": "auth.permission",
        "pk": 54,
        "fields": {
            "name": "Can change sub area",
            "content_type": 14,
            "codename": "change_subarea"
        }
    },
    {
        "model": "auth.permission",
        "pk": 55,
        "fields": {
            "name": "Can delete sub area",
            "content_type": 14,
            "codename": "delete_subarea"
        }
    },
    {
        "model": "auth.permission",
        "pk": 56,
        "fields": {
            "name": "Can view sub area",
            "content_type": 14,
            "codename": "view_subarea"
        }
    },
    {
        "model": "auth.user",
        "pk": 1,
        "fields": {
            "password": "pbkdf2_sha256$720000$adPBlgPcMdTo23dhGzWrGk$DavbPQeHII7v2clonvDl14A5tauqGG7egNnleMySlFQ=",
            "last_login": "2024-06-23T16:36:43.893Z",
            "is_superuser": true,
            "username": "admin",
            "first_name": "",
            "last_name": "",
            "email": "",
            "is_staff": true,
            "is_active": true,
            "date_joined": "2024-06-23T16:36:16.274Z",
            "groups": [],
            "user_permissions": []
        }
    },
    {
        "model": "contenttypes.contenttype",
        "pk": 1,
        "fields": {
            "app_label": "admin",
            "model": "logentry"
        }
    },
    {
        "model": "contenttypes.contenttype",
        "pk": 2,
        "fields": {
            "app_label": "auth",
            "model": "permission"
        }
    },
    {
        "model": "contenttypes.contenttype",
        "pk": 3,
        "fields": {
            "app_label": "auth",
            "model": "group"
        }
    },
    {
        "model": "contenttypes.contenttype",
        "pk": 4,
        "fields": {
            "app_label": "auth",
            "model": "user"
        }
    },
    {
        "model": "contenttypes.contenttype",
        "pk": 5,
        "fields": {
            "app_label": "contenttypes",
            "model": "contenttype"
        }
    },
    {
        "model": "contenttypes.contenttype",
        "pk": 6,
        "fields": {
            "app_label": "sessions",
            "model": "session"
        }
    },
    {
        "model": "contenttypes.contenttype",
        "pk": 7,
        "fields": {
            "app_label": "website",
            "model": "area"
        }
    },
    {
        "model": "contenttypes.contenttype",
        "pk": 8,
        "fields": {
            "app_label": "website",
            "model": "fomento"
        }
    },
    {
        "model": "contenttypes.contenttype",
        "pk": 9,
        "fields": {
            "app_label": "website",
            "model": "instituicao"
        }
    },
    {
        "model": "contenttypes.contenttype",
        "pk": 10,
        "fields": {
            "app_label": "website",
            "model": "pesquisador"
        }
    },
    {
        "model": "contenttypes.contenttype",
        "pk": 11,
        "fields": {
            "app_label": "website",
            "model": "formacaoacademica"
        }
    },
    {
        "model": "contenttypes.contenttype",
        "pk": 12,
        "fields": {
            "app_label": "website",
            "model": "projeto"
        }
    },
    {
        "model": "contenttypes.contenttype",
        "pk": 13,
        "fields": {
            "app_label": "website",
            "model": "producao"
        }
    },
    {
        "model": "contenttypes.contenttype",
        "pk": 14,
        "fields": {
            "app_label": "website",
            "model": "subarea"
        }
    },
    {
        "model": "sessions.session",
        "pk": "rk9coapugl44kpqzjagzyoe0tgq6csoc",
        "fields": {
            "session_data": ".eJxVjDsOwjAQBe_iGlls7I0NJT1niPbj4ACypTipEHeHSCmgfTPzXmagdcnD2tI8TGrOBszhd2OSRyob0DuVW7VSyzJPbDfF7rTZa9X0vOzu30Gmlr-1qKLzPUnERCc--gCqDDJq1wVCRxjDCBEAUVwiSQw9Ios6710gMe8P_ps4fQ:1sLQCq:QLH4CKOCOZmWHveRAIis3i9OzZwraScm3qUErbJCaMw",
            "expire_date": "2024-07-07T16:36:44.038Z"
        }
    },
    {
        "model": "website.pesquisador",
        "pk": 1,
        "fields": {
            "cpf": "15376209407",
            "nome": "Davi Lucca Nogueira",
            "email": "nfreitas@hotmail.com",
            "tipo": "PR"
        }
    },
    {
        "model": "website.pesquisador",
        "pk": 2,
        "fields": {
            "cpf": "10736529470",
            "nome": "Maria Eduarda da Concei├º├úo",
            "email": "enzocardoso@bol.com.br",
            "tipo": "AL"
        }
    },
    {
        "model": "website.pesquisador",
        "pk": 3,
        "fields": {
            "cpf": "12065374934",
            "nome": "Daniela Cardoso",
            "email": "sduarte@gmail.com",
            "tipo": "AL"
        }
    },
    {
        "model": "website.pesquisador",
        "pk": 4,
        "fields": {
            "cpf": "86925317407",
            "nome": "Vinicius Goncalves",
            "email": "viniciusg@ucs.br",
            "tipo": "AL"
        }
    },
    {
        "model": "website.pesquisador",
        "pk": 6,
        "fields": {
            "cpf": "44600334851",
            "nome": "Daniel Lu├¡s Roger",
            "email": "danielroger@ucs.br",
            "tipo": "PR"
        }
    },
    {
        "model": "website.pesquisador",
        "pk": 7,
        "fields": {
            "cpf": "20345598704",
            "nome": "Natsuki Subaru",
            "email": "natsuki@ucs.br",
            "tipo": "AL"
        }
    },
    {
        "model": "website.pesquisador",
        "pk": 8,
        "fields": {
            "cpf": "00365489875",
            "nome": "Hestia Gon├ºalves",
            "email": "hestia@usp.br",
            "tipo": "PR"
        }
    },
    {
        "model": "website.pesquisador",
        "pk": 9,
        "fields": {
            "cpf": "40035715945",
            "nome": "Akira Lima Rodrigues",
            "email": "akira@ucs.br",
            "tipo": "PR"
        }
    },
    {
        "model": "website.pesquisador",
        "pk": 10,
        "fields": {
            "cpf": "12173028709",
            "nome": "Emilia Zero Sunderland",
            "email": "emila@ucs.br",
            "tipo": "AL"
        }
    },
    {
        "model": "website.pesquisador",
        "pk": 11,
        "fields": {
            "cpf": "57617890917",
            "nome": "Yasmin Vieira",
            "email": "yasminv1@ucs.br",
            "tipo": "AL"
        }
    },
    {
        "model": "website.pesquisador",
        "pk": 12,
        "fields": {
            "cpf": "24602428403",
            "nome": "Ricardo Vargas Dorneles",
            "email": "ricardov@ucs.br",
            "tipo": "PR"
        }
    },
    {
        "model": "website.area",
        "pk": 2,
        "fields": {
            "nome": "Ci├¬ncias da Computa├º├úo"
        }
    },
    {
        "model": "website.area",
        "pk": 4,
        "fields": {
            "nome": "Biof├¡sica"
        }
    },
    {
        "model": "website.area",
        "pk": 5,
        "fields": {
            "nome": "Psicologia"
        }
    },
    {
        "model": "website.area",
        "pk": 6,
        "fields": {
            "nome": "F├¡sica"
        }
    },
    {
        "model": "website.area",
        "pk": 7,
        "fields": {
            "nome": "Odontologia"
        }
    },
    {
        "model": "website.area",
        "pk": 8,
        "fields": {
            "nome": "Engenharia agr├¡cola"
        }
    },
    {
        "model": "website.area",
        "pk": 9,
        "fields": {
            "nome": "Qu├¡mica"
        }
    },
    {
        "model": "website.area",
        "pk": 10,
        "fields": {
            "nome": "Engenharia El├®trica"
        }
    },
    {
        "model": "website.subarea",
        "pk": 1,
        "fields": {
            "nome": "Teoria da Computa├º├úo",
            "area": 2
        }
    },
    {
        "model": "website.subarea",
        "pk": 2,
        "fields": {
            "nome": "Matem├ítica da Computa├º├úo",
            "area": 2
        }
    },
    {
        "model": "website.subarea",
        "pk": 3,
        "fields": {
            "nome": "Metodologia e T├®cnicas da Computa├º├úo",
            "area": 2
        }
    },
    {
        "model": "website.subarea",
        "pk": 4,
        "fields": {
            "nome": "Sistemas de Computa├º├úo",
            "area": 2
        }
    },
    {
        "model": "website.subarea",
        "pk": 5,
        "fields": {
            "nome": "F├¡sica Geral",
            "area": 6
        }
    },
    {
        "model": "website.subarea",
        "pk": 6,
        "fields": {
            "nome": "├üreas Cl├íssicas de Fenomenologia e suas Aplica├º├Áes",
            "area": 6
        }
    },
    {
        "model": "website.subarea",
        "pk": 7,
        "fields": {
            "nome": "F├¡sica das Part├¡culas Elementares e Campos",
            "area": 6
        }
    },
    {
        "model": "website.subarea",
        "pk": 8,
        "fields": {
            "nome": "F├¡sica Nuclear",
            "area": 6
        }
    },
    {
        "model": "website.subarea",
        "pk": 9,
        "fields": {
            "nome": "F├¡sica At├┤mica e Molecular",
            "area": 6
        }
    },
    {
        "model": "website.subarea",
        "pk": 10,
        "fields": {
            "nome": "F├¡sica dos Flu├¡dos, F├¡sica de Plasmas e Descargas El├®tricas",
            "area": 6
        }
    },
    {
        "model": "website.subarea",
        "pk": 11,
        "fields": {
            "nome": "F├¡sica da Mat├®ria Condensada",
            "area": 6
        }
    },
    {
        "model": "website.subarea",
        "pk": 12,
        "fields": {
            "nome": "Fundamentos e Medidas da Psicologia",
            "area": 5
        }
    },
    {
        "model": "website.subarea",
        "pk": 13,
        "fields": {
            "nome": "Psicologia Experimental",
            "area": 5
        }
    },
    {
        "model": "website.subarea",
        "pk": 14,
        "fields": {
            "nome": "Psicologia Fisiol├│gica",
            "area": 5
        }
    },
    {
        "model": "website.subarea",
        "pk": 15,
        "fields": {
            "nome": "Psicologia Comparativa",
            "area": 5
        }
    },
    {
        "model": "website.subarea",
        "pk": 16,
        "fields": {
            "nome": "Psicologia Social",
            "area": 5
        }
    },
    {
        "model": "website.subarea",
        "pk": 17,
        "fields": {
            "nome": "Psicologia Cognitiva",
            "area": 5
        }
    },
    {
        "model": "website.subarea",
        "pk": 18,
        "fields": {
            "nome": "Biof├¡sica Molecular",
            "area": 4
        }
    },
    {
        "model": "website.subarea",
        "pk": 19,
        "fields": {
            "nome": "Biof├¡sica Celular",
            "area": 4
        }
    },
    {
        "model": "website.subarea",
        "pk": 20,
        "fields": {
            "nome": "Biof├¡sica de Processos e Sistemas",
            "area": 4
        }
    },
    {
        "model": "website.subarea",
        "pk": 21,
        "fields": {
            "nome": "Radiologia e Fotobiologia",
            "area": 4
        }
    },
    {
        "model": "website.subarea",
        "pk": 22,
        "fields": {
            "nome": "Cl├¡nica Odontol├│gica",
            "area": 7
        }
    },
    {
        "model": "website.subarea",
        "pk": 23,
        "fields": {
            "nome": "Cirurgia Buco-Maxilo-Facial",
            "area": 7
        }
    },
    {
        "model": "website.subarea",
        "pk": 24,
        "fields": {
            "nome": "Ortodontia",
            "area": 7
        }
    },
    {
        "model": "website.subarea",
        "pk": 25,
        "fields": {
            "nome": "Odontopediatria",
            "area": 7
        }
    },
    {
        "model": "website.subarea",
        "pk": 26,
        "fields": {
            "nome": "Periodontia",
            "area": 7
        }
    },
    {
        "model": "website.subarea",
        "pk": 27,
        "fields": {
            "nome": "Endodontia",
            "area": 7
        }
    },
    {
        "model": "website.subarea",
        "pk": 28,
        "fields": {
            "nome": "M├íquinas e Implementos Agr├¡colas",
            "area": 8
        }
    },
    {
        "model": "website.subarea",
        "pk": 29,
        "fields": {
            "nome": "Engenharia de ├ügua e Solo",
            "area": 8
        }
    },
    {
        "model": "website.subarea",
        "pk": 30,
        "fields": {
            "nome": "Engenharia de Processamento de Produtos Agr├¡colas",
            "area": 8
        }
    },
    {
        "model": "website.subarea",
        "pk": 31,
        "fields": {
            "nome": "Constru├º├Áes Rurais e Ambi├¬ncia",
            "area": 8
        }
    },
    {
        "model": "website.subarea",
        "pk": 32,
        "fields": {
            "nome": "Energiza├º├úo Rural",
            "area": 8
        }
    },
    {
        "model": "website.subarea",
        "pk": 33,
        "fields": {
            "nome": "Qu├¡mica Org├ónica",
            "area": 9
        }
    },
    {
        "model": "website.subarea",
        "pk": 34,
        "fields": {
            "nome": "F├¡sico-Qu├¡mica",
            "area": 9
        }
    },
    {
        "model": "website.instituicao",
        "pk": 1,
        "fields": {
            "cnpj": "88648761000103",
            "nome": "Universidade de Caixias do Sul",
            "sigla": "UCS"
        }
    },
    {
        "model": "website.instituicao",
        "pk": 2,
        "fields": {
            "cnpj": "92969856000198",
            "nome": "Universidade Federal do Rio Grande do Sul",
            "sigla": "UFRGS"
        }
    },
    {
        "model": "website.instituicao",
        "pk": 3,
        "fields": {
            "cnpj": "59861856123178",
            "nome": "Universit├ñt Regensburg",
            "sigla": "UNIR"
        }
    },
    {
        "model": "website.instituicao",
        "pk": 4,
        "fields": {
            "cnpj": "84307974000102",
            "nome": "Universidade do Vale do Itaja├¡",
            "sigla": "UNIVALI"
        }
    },
    {
        "model": "website.instituicao",
        "pk": 5,
        "fields": {
            "cnpj": "48031918000124",
            "nome": "Universidade de Araraquara",
            "sigla": "UNIARA"
        }
    },
    {
        "model": "website.instituicao",
        "pk": 6,
        "fields": {
            "cnpj": "63025530000104",
            "nome": "Universidade de S├úo Paulo",
            "sigla": "USP"
        }
    },
    {
        "model": "website.instituicao",
        "pk": 7,
        "fields": {
            "cnpj": "13031547000104",
            "nome": "Universidade Federal de Sergipe",
            "sigla": "UFS"
        }
    },
    {
        "model": "website.formacaoacademica",
        "pk": 2,
        "fields": {
            "pesquisador": 4,
            "titulo": "Bacharelado em Ci├¬ncias da Computa├º├úo",
            "instituicao": 1,
            "orientador": "Daniel Luiz Notari",
            "palavras_chave": "",
            "area": 2,
            "ano_inicio": 2021,
            "ano_conclusao": 2025
        }
    },
    {
        "model": "website.formacaoacademica",
        "pk": 3,
        "fields": {
            "pesquisador": 6,
            "titulo": "Mestrado em Computa├º├úo",
            "instituicao": 2,
            "orientador": "Roberto Tom Price",
            "palavras_chave": "Engenharia de Software; Dicion├írio de Dados; Ambientes de Desenvolvimento de Software; Metadados.",
            "area": 2,
            "ano_inicio": 1998,
            "ano_conclusao": 2000
        }
    },
    {
        "model": "website.formacaoacademica",
        "pk": 4,
        "fields": {
            "pesquisador": 6,
            "titulo": "Bacharelado em Ci├¬ncias da Computa├º├úo",
            "instituicao": 1,
            "orientador": "Sandra Rovena Frigeri",
            "palavras_chave": "",
            "area": 2,
            "ano_inicio": 1992,
            "ano_conclusao": 1997
        }
    },
    {
        "model": "website.formacaoacademica",
        "pk": 6,
        "fields": {
            "pesquisador": 3,
            "titulo": "Doutorado em Biof├¡sica",
            "instituicao": 3,
            "orientador": "Hans Robert Kalbitzer",
            "palavras_chave": "",
            "area": 4,
            "ano_inicio": 2008,
            "ano_conclusao": 2011
        }
    },
    {
        "model": "website.formacaoacademica",
        "pk": 7,
        "fields": {
            "pesquisador": 2,
            "titulo": "Gradua├º├úo em Psicologia",
            "instituicao": 4,
            "orientador": "Luciana Martins Saraiva",
            "palavras_chave": "",
            "area": 5,
            "ano_inicio": 2002,
            "ano_conclusao": 2007
        }
    },
    {
        "model": "website.formacaoacademica",
        "pk": 8,
        "fields": {
            "pesquisador": 2,
            "titulo": "Especializa├º├úo em Psicologia e Sexualidade",
            "instituicao": 5,
            "orientador": "Bruna Fontanelli Grigolli P├®rsico",
            "palavras_chave": "",
            "area": 5,
            "ano_inicio": 2011,
            "ano_conclusao": 2014
        }
    },
    {
        "model": "website.formacaoacademica",
        "pk": 9,
        "fields": {
            "pesquisador": 1,
            "titulo": "Doutorado em F├¡sica",
            "instituicao": 6,
            "orientador": "├ëlcio Abdalla",
            "palavras_chave": "buracos negros; estrelas compactas; modos quasi-normais; relatividade geral.",
            "area": 6,
            "ano_inicio": 2001,
            "ano_conclusao": 2006
        }
    },
    {
        "model": "website.formacaoacademica",
        "pk": 10,
        "fields": {
            "pesquisador": 1,
            "titulo": "Gradua├º├úo em F├¡sica",
            "instituicao": 6,
            "orientador": null,
            "palavras_chave": "",
            "area": 6,
            "ano_inicio": 1994,
            "ano_conclusao": 1998
        }
    },
    {
        "model": "website.formacaoacademica",
        "pk": 11,
        "fields": {
            "pesquisador": 7,
            "titulo": "Bacharelado em Ci├¬ncias da Computa├º├úo",
            "instituicao": 1,
            "orientador": "Helena Ribeiro",
            "palavras_chave": "",
            "area": 2,
            "ano_inicio": 2020,
            "ano_conclusao": 2024
        }
    },
    {
        "model": "website.formacaoacademica",
        "pk": 12,
        "fields": {
            "pesquisador": 8,
            "titulo": "Gradua├º├úo em Licenciatura em F├¡sica",
            "instituicao": 7,
            "orientador": "Susana Oliveira de Souza",
            "palavras_chave": "",
            "area": 6,
            "ano_inicio": 2006,
            "ano_conclusao": 2010
        }
    },
    {
        "model": "website.formacaoacademica",
        "pk": 13,
        "fields": {
            "pesquisador": 8,
            "titulo": "Mestrado em F├¡sica",
            "instituicao": 7,
            "orientador": null,
            "palavras_chave": "",
            "area": 6,
            "ano_inicio": 2011,
            "ano_conclusao": 2013
        }
    },
    {
        "model": "website.formacaoacademica",
        "pk": 14,
        "fields": {
            "pesquisador": 8,
            "titulo": "Doutorado em F├¡sica",
            "instituicao": 7,
            "orientador": "Susana de Souza Lalic",
            "palavras_chave": "",
            "area": 6,
            "ano_inicio": 2013,
            "ano_conclusao": 2017
        }
    },
    {
        "model": "website.formacaoacademica",
        "pk": 15,
        "fields": {
            "pesquisador": 9,
            "titulo": "Gradua├º├úo em Odontologia",
            "instituicao": 1,
            "orientador": "Horst Herwig Wever",
            "palavras_chave": "",
            "area": 7,
            "ano_inicio": 1988,
            "ano_conclusao": 1992
        }
    },
    {
        "model": "website.formacaoacademica",
        "pk": 16,
        "fields": {
            "pesquisador": 10,
            "titulo": "Gradua├º├úo em Engenharia Agr├¡cola",
            "instituicao": 1,
            "orientador": null,
            "palavras_chave": "",
            "area": 8,
            "ano_inicio": 1982,
            "ano_conclusao": 1986
        }
    },
    {
        "model": "website.formacaoacademica",
        "pk": 17,
        "fields": {
            "pesquisador": 10,
            "titulo": "Mestrado em Engenharia Agr├¡cola",
            "instituicao": 1,
            "orientador": null,
            "palavras_chave": "",
            "area": 8,
            "ano_inicio": 1989,
            "ano_conclusao": 1993
        }
    },
    {
        "model": "website.formacaoacademica",
        "pk": 18,
        "fields": {
            "pesquisador": 11,
            "titulo": "Gradua├º├úo em Qu├¡mica - Bacharelado",
            "instituicao": 1,
            "orientador": null,
            "palavras_chave": "",
            "area": 9,
            "ano_inicio": 2013,
            "ano_conclusao": 2017
        }
    },
    {
        "model": "website.formacaoacademica",
        "pk": 19,
        "fields": {
            "pesquisador": 12,
            "titulo": "Gradua├º├úo em Engenharia El├®trica",
            "instituicao": 2,
            "orientador": null,
            "palavras_chave": "",
            "area": 10,
            "ano_inicio": 1981,
            "ano_conclusao": 1989
        }
    },
    {
        "model": "website.formacaoacademica",
        "pk": 20,
        "fields": {
            "pesquisador": 12,
            "titulo": "Mestrado em Computa├º├úo",
            "instituicao": 2,
            "orientador": "PHILIPE OLIVIER ALEXANDRE NAVAUX",
            "palavras_chave": "VOZ; PROCESSAMENTO DE SINAIS; REDES NEURAIS.",
            "area": 2,
            "ano_inicio": 1989,
            "ano_conclusao": 1993
        }
    },
    {
        "model": "website.formacaoacademica",
        "pk": 21,
        "fields": {
            "pesquisador": 12,
            "titulo": "Doutorado em Computa├º├úo",
            "instituicao": 2,
            "orientador": "Tiaraj├║ Asmuz Diverio",
            "palavras_chave": "Cluster Computing; grid partitioning; Programacao Paralela.",
            "area": 2,
            "ano_inicio": 1998,
            "ano_conclusao": 2003
        }
    },
    {
        "model": "website.fomento",
        "pk": 1,
        "fields": {
            "nome_agencia": "Conselho Nacional de Desenvolvimento Cient├¡fico e Tecnol├│gico",
            "sigla_agencia": "CNPq",
            "valor_aportado": "50000.00",
            "descricao": "O fomento proposto visa promover avan├ºos significativos no estudo de grafos de m├║ltiplas camadas e no desenvolvimento de algoritmos espec├¡ficos para essa ├írea. Com foco na complexidade e na intera├º├úo de diferentes estruturas de rede, o projeto busca aprimorar tanto a teoria quanto a pr├ítica relacionadas a esses grafos. Espera-se que os resultados contribuam para solu├º├Áes inovadoras em diversas aplica├º├Áes, incluindo ci├¬ncia de dados, redes sociais, sistemas de transporte e bioinform├ítica."
        }
    },
    {
        "model": "website.fomento",
        "pk": 2,
        "fields": {
            "nome_agencia": "Funda├º├úo de Amparo ├á Pesquisa do Estado da Bahia",
            "sigla_agencia": "Fabesp",
            "valor_aportado": "80000.00",
            "descricao": "Ag├¬ncia de indu├º├úo e fomento ├á pesquisa e ├á inova├º├úo cient├¡fica e tecnol├│gica da Bahia, vinculada ├á Secretaria de Ci├¬ncia, Tecnologia e Inova├º├úo (Secti). Valor de fomento destinado a pesquisas relacionadas a substitui├º├úo de flu├¡dos industriais por op├º├Áes mais qualificadas."
        }
    },
    {
        "model": "website.fomento",
        "pk": 3,
        "fields": {
            "nome_agencia": null,
            "sigla_agencia": "CNPq",
            "valor_aportado": "12000.00",
            "descricao": "Pesquisa interdisciplinar que explora a rela├º├úo entre comportamento humano e processos cognitivos, utilizando abordagens psicol├│gicas e neurocient├¡ficas."
        }
    },
    {
        "model": "website.fomento",
        "pk": 4,
        "fields": {
            "nome_agencia": null,
            "sigla_agencia": "CNPq",
            "valor_aportado": "80000.00",
            "descricao": "Destinado ao desenvolvimento e aplica├º├úo de modelos computacionais avan├ºados para estudar estruturas moleculares em biof├¡sica, visando entender processos biol├│gicos complexos."
        }
    },
    {
        "model": "website.fomento",
        "pk": 5,
        "fields": {
            "nome_agencia": null,
            "sigla_agencia": "Fabesp",
            "valor_aportado": "42530.00",
            "descricao": "O objetivo ├® investigar novos modelos te├│ricos na f├¡sica de part├¡culas elementares, buscando ampliar nosso entendimento sobre fen├┤menos al├®m do Modelo Padr├úo. Utilizando m├®todos avan├ºados de teoria de campos e simula├º├Áes computacionais, o projeto explorar├í aspectos como simetrias fundamentais, intera├º├Áes de neutrinos e poss├¡veis extens├Áes do Modelo Padr├úo para explicar observa├º├Áes cosmol├│gicas e astrof├¡sicas recentes. Os resultados esperados incluem contribui├º├Áes te├│ricas significativas para a compreens├úo da mat├®ria escura, energia escura e outras quest├Áes fundamentais da f├¡sica moderna."
        }
    },
    {
        "model": "website.fomento",
        "pk": 6,
        "fields": {
            "nome_agencia": null,
            "sigla_agencia": "Fabesp",
            "valor_aportado": "92300.00",
            "descricao": "Este fomento visa desenvolver e avaliar estrat├®gias inovadoras para o controle de c├íries dent├írias, uma das principais condi├º├Áes de sa├║de bucal em popula├º├Áes urbanas. Utilizando m├®todos epidemiol├│gicos, microbiol├│gicos e de interven├º├úo em sa├║de p├║blica, o projeto investigar├í novas formula├º├Áes de agentes antimicrobianos, t├®cnicas de educa├º├úo em sa├║de oral e pol├¡ticas de promo├º├úo de h├íbitos saud├íveis. Os resultados esperados incluem contribui├º├Áes significativas para a preven├º├úo de c├íries dent├írias e melhorias na qualidade de vida da popula├º├úo atendida."
        }
    },
    {
        "model": "website.fomento",
        "pk": 7,
        "fields": {
            "nome_agencia": null,
            "sigla_agencia": "CAPES",
            "valor_aportado": "16822.00",
            "descricao": "Este fomento visa desenvolver materiais tais como adsorventes, biossorventes, catalisadores e meios filtrantes nanom├®tricos para aplica├º├úo em processos industriais. As principais aplica├º├Áes dos materiais desenvolvidos s├úo para o tratamento de efluentes l├¡quidos contendo poluentes org├ónicos diversos e metais; a recupera├º├úo de metais valiosos a partir de res├¡duos eletr├┤nicos e a filtra├º├úo de gases e l├¡quidos. Neste contexto, os materiais desenvolvidos s├úo caracterizados e os processos nos quais estes s├úo aplicados s├úo avaliados no que tange a sustentabilidade, custo benef├¡cio e impactos ambientais."
        }
    },
    {
        "model": "website.fomento",
        "pk": 8,
        "fields": {
            "nome_agencia": "Funda├º├úo de Amparo ├á Pesquisa do Estado do Rio Grande do Sul",
            "sigla_agencia": "Fabesp",
            "valor_aportado": "56988.00",
            "descricao": "A bolsa tem por objetivo tornar operacional o modelo 3D de hidrodin├ómica e transporte de massa desenvolvido no projeto ATMOS. Como resultado desse projeto e do trabalho de doutorado do Prof. Ricardo Dorneles, foi desenvolvido um modelo eficiente de hidrodin├ómica e transporte de massa que, uma vez calibrado, pode ser utilizado para estudos sobre a dispers├úo de poluentes e balneabilidade em corpos h├¡dricos, com um alto grau de refinamento. A utiliza├º├úo de um modelo como o que foi desenvolvido depende, entretanto, da correta calibra├º├úo do mesmo. Um dos objetivos do presente projeto ├® a calibra├º├úo do modelo desenvolvido, bem como a agrega├º├úo de novas caracter├¡sticas para torn├í-lo mais operacional. Entre essas caracter├¡sticas encontra-se o uso de um sistema mais apropriado de coordenadas verticais, implementa├º├úo da modelagem de alagamento e secamento de regi├Áes do dom├¡nio e parametriza├º├úo da turbul├¬ncia, indispens├ível para que um modelo de hidrodin├ómica seja operacional. Outro objetivo desse projeto ├® a pesquisa de aplica├º├Áes paralelas utilizando clusters, uma alternativa de baixo custo para se obter um desempenho razo├ível em aplica├º├Áes que demandem grande poder computacional."
        }
    },
    {
        "model": "website.projeto",
        "pk": 1,
        "fields": {
            "titulo": "Estudo da Aplica├º├úo de Grafos de M├║ltiplas Camadas",
            "data_inicio": "2024-04-20",
            "data_conclusao": null,
            "fomento": 1,
            "area": 2,
            "situacao": "EA",
            "subareas": [
                1,
                2
            ],
            "pesquisadores": [
                4,
                7
            ]
        }
    },
    {
        "model": "website.projeto",
        "pk": 2,
        "fields": {
            "titulo": "Pesquisa em F├¡sica de Flu├¡dos Avan├ºados",
            "data_inicio": "2024-02-02",
            "data_conclusao": "2024-06-23",
            "fomento": 2,
            "area": 6,
            "situacao": "AA",
            "subareas": [
                5,
                10,
                11
            ],
            "pesquisadores": [
                1
            ]
        }
    },
    {
        "model": "website.projeto",
        "pk": 3,
        "fields": {
            "titulo": "Estudo Interdisciplinar sobre Comportamento e Cogni├º├úo",
            "data_inicio": "2023-12-08",
            "data_conclusao": null,
            "fomento": 3,
            "area": 5,
            "situacao": "SU",
            "subareas": [
                16,
                17
            ],
            "pesquisadores": [
                2
            ]
        }
    },
    {
        "model": "website.projeto",
        "pk": 4,
        "fields": {
            "titulo": "Desenvolvimento de Modelos Computacionais em Biof├¡sica Molecular",
            "data_inicio": "2021-04-12",
            "data_conclusao": "2023-02-14",
            "fomento": 4,
            "area": 4,
            "situacao": "FI",
            "subareas": [
                4,
                18
            ],
            "pesquisadores": [
                3,
                4,
                6
            ]
        }
    },
    {
        "model": "website.projeto",
        "pk": 5,
        "fields": {
            "titulo": "Projeto de Pesquisa em F├¡sica de Part├¡culas Elementares: Explora├º├úo de Novos Modelos Te├│ricos",
            "data_inicio": "2013-12-12",
            "data_conclusao": "2017-07-14",
            "fomento": 5,
            "area": 6,
            "situacao": "FI",
            "subareas": [
                7
            ],
            "pesquisadores": [
                8
            ]
        }
    },
    {
        "model": "website.projeto",
        "pk": 6,
        "fields": {
            "titulo": "Estrat├®gias Inovadoras para Controle de C├íries Dent├írias",
            "data_inicio": "2022-08-06",
            "data_conclusao": "2024-05-28",
            "fomento": 6,
            "area": 7,
            "situacao": "FI",
            "subareas": [
                22,
                25
            ],
            "pesquisadores": [
                9
            ]
        }
    },
    {
        "model": "website.projeto",
        "pk": 7,
        "fields": {
            "titulo": "Desenvolvimento de Biomateriais para Regenera├º├úo ├ôssea",
            "data_inicio": "2022-02-14",
            "data_conclusao": null,
            "fomento": 6,
            "area": 7,
            "situacao": "CA",
            "subareas": [
                22,
                23,
                24
            ],
            "pesquisadores": [
                9
            ]
        }
    },
    {
        "model": "website.projeto",
        "pk": 8,
        "fields": {
            "titulo": "Desenvolvimento de adsorventes avan├ºados a partir de res├¡duos para aplica├º├Áes industriais",
            "data_inicio": "2020-04-15",
            "data_conclusao": null,
            "fomento": 7,
            "area": 9,
            "situacao": "EA",
            "subareas": [
                33,
                34
            ],
            "pesquisadores": [
                11
            ]
        }
    },
    {
        "model": "website.projeto",
        "pk": 9,
        "fields": {
            "titulo": "Operacionaliza├º├úo de um Modelo 3D de Hidrodin├ómica e Transporte de Massa",
            "data_inicio": "2002-04-04",
            "data_conclusao": "2004-03-12",
            "fomento": 8,
            "area": 2,
            "situacao": "FI",
            "subareas": [
                3,
                4
            ],
            "pesquisadores": [
                12
            ]
        }
    },
    {
        "model": "website.producao",
        "pk": 1,
        "fields": {
            "projeto": 1,
            "titulo": "Bell Cranel Algorithm",
            "tipo_producao": "PA",
            "data_publicacao": "2024-06-18",
            "descricao": "The Bell Cranel Algorithm is a Python tool designed for generating and visualizing multilayer graphs. It offers customizable parameters for nodes, edges, and interlayer connections, facilitating the modeling and visualization of intricate systems such as dungeons, mazes, and networks.",
            "pesquisadores": [
                4
            ]
        }
    },
    {
        "model": "website.producao",
        "pk": 2,
        "fields": {
            "projeto": 1,
            "titulo": "Estruturas 3D Representados por Grafos em Camadas",
            "tipo_producao": "AR",
            "data_publicacao": "2024-06-23",
            "descricao": "Forma eficiente de armazenar estruturas tridimensionais utilizando a rela├º├úo matem├ítica entre objetos atrav├®s de grafos em n├¡veis de profundidade.",
            "pesquisadores": [
                7
            ]
        }
    },
    {
        "model": "website.producao",
        "pk": 3,
        "fields": {
            "projeto": 2,
            "titulo": "Aplica├º├Áes de Superfluidos na Ind├║stria: Desafios e Perspectivas",
            "tipo_producao": "AR",
            "data_publicacao": "2024-05-10",
            "descricao": "Este artigo revisa as potenciais aplica├º├Áes industriais dos superfluidos, subst├óncias que demonstram fluxo sem viscosidade sob determinadas condi├º├Áes de temperatura e press├úo. Discute-se o estado atual da pesquisa em superfluidos, incluindo suas propriedades ├║nicas e os desafios t├®cnicos associados ├á sua manipula├º├úo e utiliza├º├úo em aplica├º├Áes industriais. O artigo tamb├®m explora os avan├ºos recentes em tecnologias que poderiam beneficiar-se dos superfluidos, como sistemas de refrigera├º├úo ultraeficientes, transporte de fluidos sem perdas e sensores de alta precis├úo.",
            "pesquisadores": [
                1
            ]
        }
    },
    {
        "model": "website.producao",
        "pk": 4,
        "fields": {
            "projeto": 5,
            "titulo": "Modelos Al├®m do Modelo Padr├úo: Uma Revis├úo Te├│rica",
            "tipo_producao": "AR",
            "data_publicacao": "2016-04-12",
            "descricao": "Este artigo revisa os principais modelos te├│ricos propostos como extens├Áes do Modelo Padr├úo na f├¡sica de part├¡culas elementares. Explora-se a motiva├º├úo te├│rica e experimental para tais modelos, incluindo poss├¡veis implica├º├Áes para observa├º├Áes astrof├¡sicas e cosmol├│gicas. O artigo discute os avan├ºos recentes na compreens├úo das intera├º├Áes de neutrinos, simetrias fundamentais e previs├Áes para experimentos de alta energia.",
            "pesquisadores": [
                8
            ]
        }
    },
    {
        "model": "website.producao",
        "pk": 5,
        "fields": {
            "projeto": 5,
            "titulo": "Din├ómica de Campo em Modelos de Part├¡culas Elementares",
            "tipo_producao": "OU",
            "data_publicacao": "2017-02-25",
            "descricao": "Investiga├º├úo das propriedades din├ómicas de modelos estendidos de part├¡culas elementares, utilizando m├®todos avan├ºados de teoria de campos. O estudo inclui a an├ílise de transi├º├Áes de fase, comportamento cr├¡tico e implica├º├Áes para a evolu├º├úo do Universo primordial. Os resultados s├úo comparados com dados experimentais e te├│ricos existentes, proporcionando insights sobre novos fen├┤menos f├¡sicos al├®m do Modelo Padr├úo.",
            "pesquisadores": [
                8
            ]
        }
    },
    {
        "model": "website.producao",
        "pk": 6,
        "fields": {
            "projeto": 6,
            "titulo": "Revis├úo de Interven├º├Áes Eficazes",
            "tipo_producao": "LI",
            "data_publicacao": "2023-01-01",
            "descricao": "Este artigo revisa as estrat├®gias atuais e inovadoras para o controle de c├íries dent├írias, destacando interven├º├Áes baseadas em evid├¬ncias cient├¡ficas. S├úo discutidos aspectos microbiol├│gicos, epidemiol├│gicos e comportamentais relacionados ├á preven├º├úo de c├íries, com foco em novos agentes antimicrobianos, t├®cnicas de higiene oral e pol├¡ticas de sa├║de p├║blica.",
            "pesquisadores": [
                9
            ]
        }
    },
    {
        "model": "website.producao",
        "pk": 7,
        "fields": {
            "projeto": 6,
            "titulo": "Avalia├º├úo da Efetividade de um Enxaguat├│rio Bucal",
            "tipo_producao": "AR",
            "data_publicacao": "2023-10-19",
            "descricao": "Este estudo cl├¡nico avalia a efic├ícia de um enxaguat├│rio bucal contendo novos agentes antimicrobianos na redu├º├úo de c├íries dent├írias em uma amostra populacional. Utilizando metodologias controladas e an├ílise estat├¡stica robusta, o estudo busca fornecer dados objetivos sobre a efetividade cl├¡nica desses agentes na pr├ítica odontol├│gica.",
            "pesquisadores": [
                9
            ]
        }
    },
    {
        "model": "website.producao",
        "pk": 8,
        "fields": {
            "projeto": 6,
            "titulo": "H├íbitos Saud├íveis para Preven├º├úo de C├íries Dent├írias",
            "tipo_producao": "OU",
            "data_publicacao": "2023-12-13",
            "descricao": "Este manual foi desenvolvido como parte de um esfor├ºo educacional para promover h├íbitos saud├íveis e prevenir c├íries dent├írias em diferentes faixas et├írias. Baseado em evid├¬ncias cient├¡ficas e pr├íticas recomendadas, o manual oferece diretrizes claras e acess├¡veis para cuidados com a sa├║de bucal, incluindo t├®cnicas de escova├º├úo, uso de fio dental e escolha de produtos odontol├│gicos adequados.",
            "pesquisadores": [
                9
            ]
        }
    },
    {
        "model": "website.producao",
        "pk": 9,
        "fields": {
            "projeto": 9,
            "titulo": "Processamento de Alto Desempenho aplicado a modelos computacionais de din├ómica de fluidos ambiental",
            "tipo_producao": "AR",
            "data_publicacao": "2003-02-12",
            "descricao": "GALANTE, Guilherme ; BALBINOT, J. ; RIZZI, Rogerio Luis ; DORNELES, R. V. ; DIVERIO, Tiaraju Asmuz . Processamento de Alto Desempenho aplicado a modelos computacionais de din├ómica de fluidos ambiental. Scientia (Unisinos), Editora UNISINOS, v. 1, n.1, p. 113-122, 2003.",
            "pesquisadores": [
                12
            ]
        }
    },
    {
        "model": "website.producao",
        "pk": 10,
        "fields": {
            "projeto": 9,
            "titulo": "Solu├º├úo Paralela de Equa├º├Áes Diferenciais Parciais no Modelo Hidra",
            "tipo_producao": "AR",
            "data_publicacao": "2003-11-12",
            "descricao": "MARTINOTTO, Andr├® Luis ; PICININ JR., Delcino ; RIZZI, Rog├®rio Luis ; DORNELES, R. V. ; DIVERIO, Tiaraju Asmuz . Solu├º├úo Paralela de Equa├º├Áes Diferenciais Parciais no Modelo Hidra. Perspectiva (Erexim), Erechim - RS, v. 27, p. 87-93, 2003.",
            "pesquisadores": [
                12
            ]
        }
    }
]