[{"model": "admin.logentry", "pk": 1, "fields": {"action_time": "2024-06-18T23:49:42.957Z", "user": 1, "content_type": 7, "object_id": "4", "object_repr": "FÝsica", "action_flag": 1, "change_message": "[{\"added\": {}}]"}}, {"model": "admin.logentry", "pk": 2, "fields": {"action_time": "2024-06-18T23:49:56.111Z", "user": 1, "content_type": 11, "object_id": "12", "object_repr": "FÝsica Geral", "action_flag": 1, "change_message": "[{\"added\": {}}]"}}, {"model": "admin.logentry", "pk": 3, "fields": {"action_time": "2024-06-18T23:50:05.095Z", "user": 1, "content_type": 11, "object_id": "13", "object_repr": "┴reas Clßssicas de Fenomenologia e suas Aplicaþ§es", "action_flag": 1, "change_message": "[{\"added\": {}}]"}}, {"model": "admin.logentry", "pk": 4, "fields": {"action_time": "2024-06-18T23:50:13.520Z", "user": 1, "content_type": 11, "object_id": "14", "object_repr": "FÝsica das PartÝculas Elementares e Campos", "action_flag": 1, "change_message": "[{\"added\": {}}]"}}, {"model": "admin.logentry", "pk": 5, "fields": {"action_time": "2024-06-18T23:50:25.600Z", "user": 1, "content_type": 11, "object_id": "15", "object_repr": "FÝsica Nuclear", "action_flag": 1, "change_message": "[{\"added\": {}}]"}}, {"model": "admin.logentry", "pk": 6, "fields": {"action_time": "2024-06-18T23:50:33.782Z", "user": 1, "content_type": 11, "object_id": "16", "object_repr": "FÝsica At¶mica e Molecular", "action_flag": 1, "change_message": "[{\"added\": {}}]"}}, {"model": "admin.logentry", "pk": 7, "fields": {"action_time": "2024-06-18T23:50:41.087Z", "user": 1, "content_type": 11, "object_id": "17", "object_repr": "FÝsica dos FluÝdos, FÝsica de Plasmas e Descargas ElÚtricas", "action_flag": 1, "change_message": "[{\"added\": {}}]"}}, {"model": "admin.logentry", "pk": 8, "fields": {"action_time": "2024-06-18T23:50:59.965Z", "user": 1, "content_type": 7, "object_id": "5", "object_repr": "QuÝmica", "action_flag": 1, "change_message": "[{\"added\": {}}]"}}, {"model": "admin.logentry", "pk": 9, "fields": {"action_time": "2024-06-18T23:51:18.036Z", "user": 1, "content_type": 11, "object_id": "18", "object_repr": "QuÝmica OrgÔnica", "action_flag": 1, "change_message": "[{\"added\": {}}]"}}, {"model": "admin.logentry", "pk": 10, "fields": {"action_time": "2024-06-18T23:51:26.088Z", "user": 1, "content_type": 11, "object_id": "19", "object_repr": "QuÝmica InorgÔnica", "action_flag": 1, "change_message": "[{\"added\": {}}]"}}, {"model": "admin.logentry", "pk": 11, "fields": {"action_time": "2024-06-18T23:51:32.374Z", "user": 1, "content_type": 11, "object_id": "20", "object_repr": "FÝsico-QuÝmica", "action_flag": 1, "change_message": "[{\"added\": {}}]"}}, {"model": "admin.logentry", "pk": 12, "fields": {"action_time": "2024-06-18T23:51:39.287Z", "user": 1, "content_type": 11, "object_id": "21", "object_repr": "QuÝmica AnalÝtica", "action_flag": 1, "change_message": "[{\"added\": {}}]"}}, {"model": "admin.logentry", "pk": 13, "fields": {"action_time": "2024-06-18T23:51:56.918Z", "user": 1, "content_type": 7, "object_id": "6", "object_repr": "GeociÛncias", "action_flag": 1, "change_message": "[{\"added\": {}}]"}}, {"model": "admin.logentry", "pk": 14, "fields": {"action_time": "2024-06-18T23:52:21.431Z", "user": 1, "content_type": 11, "object_id": "22", "object_repr": "Geologia", "action_flag": 1, "change_message": "[{\"added\": {}}]"}}, {"model": "admin.logentry", "pk": 15, "fields": {"action_time": "2024-06-18T23:52:27.767Z", "user": 1, "content_type": 11, "object_id": "23", "object_repr": "GeofÝsica", "action_flag": 1, "change_message": "[{\"added\": {}}]"}}, {"model": "admin.logentry", "pk": 16, "fields": {"action_time": "2024-06-18T23:52:35.127Z", "user": 1, "content_type": 11, "object_id": "24", "object_repr": "Meteorologia", "action_flag": 1, "change_message": "[{\"added\": {}}]"}}, {"model": "admin.logentry", "pk": 17, "fields": {"action_time": "2024-06-18T23:52:46.839Z", "user": 1, "content_type": 11, "object_id": "25", "object_repr": "GeodÚsia", "action_flag": 1, "change_message": "[{\"added\": {}}]"}}, {"model": "admin.logentry", "pk": 18, "fields": {"action_time": "2024-06-18T23:53:05.487Z", "user": 1, "content_type": 11, "object_id": "26", "object_repr": "Geografia FÝsica", "action_flag": 1, "change_message": "[{\"added\": {}}]"}}, {"model": "admin.logentry", "pk": 19, "fields": {"action_time": "2024-06-18T23:56:39.167Z", "user": 1, "content_type": 7, "object_id": "7", "object_repr": "Ecologia", "action_flag": 1, "change_message": "[{\"added\": {}}]"}}, {"model": "admin.logentry", "pk": 20, "fields": {"action_time": "2024-06-18T23:56:51.424Z", "user": 1, "content_type": 11, "object_id": "27", "object_repr": "Ecologia Te¾rica", "action_flag": 1, "change_message": "[{\"added\": {}}]"}}, {"model": "admin.logentry", "pk": 21, "fields": {"action_time": "2024-06-18T23:56:58.910Z", "user": 1, "content_type": 11, "object_id": "28", "object_repr": "Ecologia de Ecossistemas", "action_flag": 1, "change_message": "[{\"added\": {}}]"}}, {"model": "admin.logentry", "pk": 22, "fields": {"action_time": "2024-06-18T23:57:04.976Z", "user": 1, "content_type": 11, "object_id": "29", "object_repr": "Ecologia Aplicada", "action_flag": 1, "change_message": "[{\"added\": {}}]"}}, {"model": "admin.logentry", "pk": 23, "fields": {"action_time": "2024-06-18T23:57:25.727Z", "user": 1, "content_type": 7, "object_id": "8", "object_repr": "BioquÝmica", "action_flag": 1, "change_message": "[{\"added\": {}}]"}}, {"model": "admin.logentry", "pk": 24, "fields": {"action_time": "2024-06-18T23:57:39.176Z", "user": 1, "content_type": 11, "object_id": "30", "object_repr": "QuÝmica de MacromolÚculas", "action_flag": 1, "change_message": "[{\"added\": {}}]"}}, {"model": "admin.logentry", "pk": 25, "fields": {"action_time": "2024-06-18T23:57:47.296Z", "user": 1, "content_type": 11, "object_id": "31", "object_repr": "BioquÝmica de Microorganismos", "action_flag": 1, "change_message": "[{\"added\": {}}]"}}, {"model": "admin.logentry", "pk": 26, "fields": {"action_time": "2024-06-18T23:57:57.104Z", "user": 1, "content_type": 11, "object_id": "32", "object_repr": "Metabolismo e BioenergÚtica", "action_flag": 1, "change_message": "[{\"added\": {}}]"}}, {"model": "admin.logentry", "pk": 27, "fields": {"action_time": "2024-06-18T23:58:04.871Z", "user": 1, "content_type": 11, "object_id": "33", "object_repr": "Biologia Molecular", "action_flag": 1, "change_message": "[{\"added\": {}}]"}}, {"model": "admin.logentry", "pk": 28, "fields": {"action_time": "2024-06-18T23:58:11.045Z", "user": 1, "content_type": 11, "object_id": "34", "object_repr": "Enzimologia", "action_flag": 1, "change_message": "[{\"added\": {}}]"}}, {"model": "admin.logentry", "pk": 29, "fields": {"action_time": "2024-06-18T23:58:56.926Z", "user": 1, "content_type": 7, "object_id": "9", "object_repr": "Engenharia civil", "action_flag": 1, "change_message": "[{\"added\": {}}]"}}, {"model": "admin.logentry", "pk": 30, "fields": {"action_time": "2024-06-18T23:59:06.622Z", "user": 1, "content_type": 11, "object_id": "35", "object_repr": "ConstruþÒo Civil", "action_flag": 1, "change_message": "[{\"added\": {}}]"}}, {"model": "admin.logentry", "pk": 31, "fields": {"action_time": "2024-06-18T23:59:13.504Z", "user": 1, "content_type": 11, "object_id": "36", "object_repr": "Estruturas", "action_flag": 1, "change_message": "[{\"added\": {}}]"}}, {"model": "admin.logentry", "pk": 32, "fields": {"action_time": "2024-06-18T23:59:21.349Z", "user": 1, "content_type": 11, "object_id": "37", "object_repr": "GeotÚcnica", "action_flag": 1, "change_message": "[{\"added\": {}}]"}}, {"model": "admin.logentry", "pk": 33, "fields": {"action_time": "2024-06-18T23:59:30.191Z", "user": 1, "content_type": 11, "object_id": "38", "object_repr": "Engenharia Hidrßulica", "action_flag": 1, "change_message": "[{\"added\": {}}]"}}, {"model": "admin.logentry", "pk": 34, "fields": {"action_time": "2024-06-19T00:00:15.064Z", "user": 1, "content_type": 11, "object_id": "39", "object_repr": "Infra-Estrutura de Transportes", "action_flag": 1, "change_message": "[{\"added\": {}}]"}}, {"model": "admin.logentry", "pk": 35, "fields": {"action_time": "2024-06-19T00:00:32.536Z", "user": 1, "content_type": 7, "object_id": "10", "object_repr": "Engenharia elÚtrica", "action_flag": 1, "change_message": "[{\"added\": {}}]"}}, {"model": "admin.logentry", "pk": 36, "fields": {"action_time": "2024-06-19T00:00:41.786Z", "user": 1, "content_type": 11, "object_id": "40", "object_repr": "Materiais ElÚtricos", "action_flag": 1, "change_message": "[{\"added\": {}}]"}}, {"model": "admin.logentry", "pk": 37, "fields": {"action_time": "2024-06-19T00:00:54.555Z", "user": 1, "content_type": 11, "object_id": "41", "object_repr": "Medidas ElÚtricas, MagnÚticas e Eletr¶nicas; InstrumentaþÒo", "action_flag": 1, "change_message": "[{\"added\": {}}]"}}, {"model": "admin.logentry", "pk": 38, "fields": {"action_time": "2024-06-19T00:01:04.635Z", "user": 1, "content_type": 11, "object_id": "42", "object_repr": "Circuitos ElÚtricos, MagnÚticos e Eletr¶nicos", "action_flag": 1, "change_message": "[{\"added\": {}}]"}}, {"model": "admin.logentry", "pk": 39, "fields": {"action_time": "2024-06-19T00:01:18.851Z", "user": 1, "content_type": 11, "object_id": "43", "object_repr": "Sistemas ElÚtricos de PotÛncia", "action_flag": 1, "change_message": "[{\"added\": {}}]"}}, {"model": "admin.logentry", "pk": 40, "fields": {"action_time": "2024-06-19T00:01:26.299Z", "user": 1, "content_type": 11, "object_id": "44", "object_repr": "Telecomunicaþ§es", "action_flag": 1, "change_message": "[{\"added\": {}}]"}}, {"model": "admin.logentry", "pk": 41, "fields": {"action_time": "2024-06-19T00:02:09.462Z", "user": 1, "content_type": 10, "object_id": "3", "object_repr": "Vinicius Gonþalves", "action_flag": 1, "change_message": "[{\"added\": {}}]"}}, {"model": "admin.logentry", "pk": 42, "fields": {"action_time": "2024-06-19T00:03:18.841Z", "user": 1, "content_type": 9, "object_id": "2", "object_repr": "UNIVERSIDADE DE CAXIAS DO SUL", "action_flag": 1, "change_message": "[{\"added\": {}}]"}}, {"model": "admin.logentry", "pk": 43, "fields": {"action_time": "2024-06-19T00:04:38.095Z", "user": 1, "content_type": 14, "object_id": "2", "object_repr": "Bacharelado em CiÛncia da ComputaþÒo", "action_flag": 1, "change_message": "[{\"added\": {}}]"}}, {"model": "admin.logentry", "pk": 44, "fields": {"action_time": "2024-06-19T00:05:03.167Z", "user": 1, "content_type": 9, "object_id": "2", "object_repr": "Universidade De Caxias Do Sul", "action_flag": 2, "change_message": "[{\"changed\": {\"fields\": [\"Nome\"]}}]"}}, {"model": "auth.permission", "pk": 1, "fields": {"name": "Can add log entry", "content_type": 1, "codename": "add_logentry"}}, {"model": "auth.permission", "pk": 2, "fields": {"name": "Can change log entry", "content_type": 1, "codename": "change_logentry"}}, {"model": "auth.permission", "pk": 3, "fields": {"name": "Can delete log entry", "content_type": 1, "codename": "delete_logentry"}}, {"model": "auth.permission", "pk": 4, "fields": {"name": "Can view log entry", "content_type": 1, "codename": "view_logentry"}}, {"model": "auth.permission", "pk": 5, "fields": {"name": "Can add permission", "content_type": 2, "codename": "add_permission"}}, {"model": "auth.permission", "pk": 6, "fields": {"name": "Can change permission", "content_type": 2, "codename": "change_permission"}}, {"model": "auth.permission", "pk": 7, "fields": {"name": "Can delete permission", "content_type": 2, "codename": "delete_permission"}}, {"model": "auth.permission", "pk": 8, "fields": {"name": "Can view permission", "content_type": 2, "codename": "view_permission"}}, {"model": "auth.permission", "pk": 9, "fields": {"name": "Can add group", "content_type": 3, "codename": "add_group"}}, {"model": "auth.permission", "pk": 10, "fields": {"name": "Can change group", "content_type": 3, "codename": "change_group"}}, {"model": "auth.permission", "pk": 11, "fields": {"name": "Can delete group", "content_type": 3, "codename": "delete_group"}}, {"model": "auth.permission", "pk": 12, "fields": {"name": "Can view group", "content_type": 3, "codename": "view_group"}}, {"model": "auth.permission", "pk": 13, "fields": {"name": "Can add user", "content_type": 4, "codename": "add_user"}}, {"model": "auth.permission", "pk": 14, "fields": {"name": "Can change user", "content_type": 4, "codename": "change_user"}}, {"model": "auth.permission", "pk": 15, "fields": {"name": "Can delete user", "content_type": 4, "codename": "delete_user"}}, {"model": "auth.permission", "pk": 16, "fields": {"name": "Can view user", "content_type": 4, "codename": "view_user"}}, {"model": "auth.permission", "pk": 17, "fields": {"name": "Can add content type", "content_type": 5, "codename": "add_contenttype"}}, {"model": "auth.permission", "pk": 18, "fields": {"name": "Can change content type", "content_type": 5, "codename": "change_contenttype"}}, {"model": "auth.permission", "pk": 19, "fields": {"name": "Can delete content type", "content_type": 5, "codename": "delete_contenttype"}}, {"model": "auth.permission", "pk": 20, "fields": {"name": "Can view content type", "content_type": 5, "codename": "view_contenttype"}}, {"model": "auth.permission", "pk": 21, "fields": {"name": "Can add session", "content_type": 6, "codename": "add_session"}}, {"model": "auth.permission", "pk": 22, "fields": {"name": "Can change session", "content_type": 6, "codename": "change_session"}}, {"model": "auth.permission", "pk": 23, "fields": {"name": "Can delete session", "content_type": 6, "codename": "delete_session"}}, {"model": "auth.permission", "pk": 24, "fields": {"name": "Can view session", "content_type": 6, "codename": "view_session"}}, {"model": "auth.permission", "pk": 25, "fields": {"name": "Can add area", "content_type": 7, "codename": "add_area"}}, {"model": "auth.permission", "pk": 26, "fields": {"name": "Can change area", "content_type": 7, "codename": "change_area"}}, {"model": "auth.permission", "pk": 27, "fields": {"name": "Can delete area", "content_type": 7, "codename": "delete_area"}}, {"model": "auth.permission", "pk": 28, "fields": {"name": "Can view area", "content_type": 7, "codename": "view_area"}}, {"model": "auth.permission", "pk": 29, "fields": {"name": "Can add fomento", "content_type": 8, "codename": "add_fomento"}}, {"model": "auth.permission", "pk": 30, "fields": {"name": "Can change fomento", "content_type": 8, "codename": "change_fomento"}}, {"model": "auth.permission", "pk": 31, "fields": {"name": "Can delete fomento", "content_type": 8, "codename": "delete_fomento"}}, {"model": "auth.permission", "pk": 32, "fields": {"name": "Can view fomento", "content_type": 8, "codename": "view_fomento"}}, {"model": "auth.permission", "pk": 33, "fields": {"name": "Can add instituicao", "content_type": 9, "codename": "add_instituicao"}}, {"model": "auth.permission", "pk": 34, "fields": {"name": "Can change instituicao", "content_type": 9, "codename": "change_instituicao"}}, {"model": "auth.permission", "pk": 35, "fields": {"name": "Can delete instituicao", "content_type": 9, "codename": "delete_instituicao"}}, {"model": "auth.permission", "pk": 36, "fields": {"name": "Can view instituicao", "content_type": 9, "codename": "view_instituicao"}}, {"model": "auth.permission", "pk": 37, "fields": {"name": "Can add pesquisador", "content_type": 10, "codename": "add_pesquisador"}}, {"model": "auth.permission", "pk": 38, "fields": {"name": "Can change pesquisador", "content_type": 10, "codename": "change_pesquisador"}}, {"model": "auth.permission", "pk": 39, "fields": {"name": "Can delete pesquisador", "content_type": 10, "codename": "delete_pesquisador"}}, {"model": "auth.permission", "pk": 40, "fields": {"name": "Can view pesquisador", "content_type": 10, "codename": "view_pesquisador"}}, {"model": "auth.permission", "pk": 41, "fields": {"name": "Can add sub area", "content_type": 11, "codename": "add_subarea"}}, {"model": "auth.permission", "pk": 42, "fields": {"name": "Can change sub area", "content_type": 11, "codename": "change_subarea"}}, {"model": "auth.permission", "pk": 43, "fields": {"name": "Can delete sub area", "content_type": 11, "codename": "delete_subarea"}}, {"model": "auth.permission", "pk": 44, "fields": {"name": "Can view sub area", "content_type": 11, "codename": "view_subarea"}}, {"model": "auth.permission", "pk": 45, "fields": {"name": "Can add projeto", "content_type": 12, "codename": "add_projeto"}}, {"model": "auth.permission", "pk": 46, "fields": {"name": "Can change projeto", "content_type": 12, "codename": "change_projeto"}}, {"model": "auth.permission", "pk": 47, "fields": {"name": "Can delete projeto", "content_type": 12, "codename": "delete_projeto"}}, {"model": "auth.permission", "pk": 48, "fields": {"name": "Can view projeto", "content_type": 12, "codename": "view_projeto"}}, {"model": "auth.permission", "pk": 49, "fields": {"name": "Can add producao", "content_type": 13, "codename": "add_producao"}}, {"model": "auth.permission", "pk": 50, "fields": {"name": "Can change producao", "content_type": 13, "codename": "change_producao"}}, {"model": "auth.permission", "pk": 51, "fields": {"name": "Can delete producao", "content_type": 13, "codename": "delete_producao"}}, {"model": "auth.permission", "pk": 52, "fields": {"name": "Can view producao", "content_type": 13, "codename": "view_producao"}}, {"model": "auth.permission", "pk": 53, "fields": {"name": "Can add formacao academica", "content_type": 14, "codename": "add_formacaoacademica"}}, {"model": "auth.permission", "pk": 54, "fields": {"name": "Can change formacao academica", "content_type": 14, "codename": "change_formacaoacademica"}}, {"model": "auth.permission", "pk": 55, "fields": {"name": "Can delete formacao academica", "content_type": 14, "codename": "delete_formacaoacademica"}}, {"model": "auth.permission", "pk": 56, "fields": {"name": "Can view formacao academica", "content_type": 14, "codename": "view_formacaoacademica"}}, {"model": "auth.user", "pk": 1, "fields": {"password": "pbkdf2_sha256$260000$NVEsBQusbYM9GJvrHoQWh5$MNf4LlCwIuuQ2sqL1VTKqy+0FanaZKXqZ8SIbAfMIdg=", "last_login": "2024-06-18T23:23:43.369Z", "is_superuser": true, "username": "admin", "first_name": "", "last_name": "", "email": "", "is_staff": true, "is_active": true, "date_joined": "2024-06-18T23:23:18.727Z", "groups": [], "user_permissions": []}}, {"model": "contenttypes.contenttype", "pk": 1, "fields": {"app_label": "admin", "model": "logentry"}}, {"model": "contenttypes.contenttype", "pk": 2, "fields": {"app_label": "auth", "model": "permission"}}, {"model": "contenttypes.contenttype", "pk": 3, "fields": {"app_label": "auth", "model": "group"}}, {"model": "contenttypes.contenttype", "pk": 4, "fields": {"app_label": "auth", "model": "user"}}, {"model": "contenttypes.contenttype", "pk": 5, "fields": {"app_label": "contenttypes", "model": "contenttype"}}, {"model": "contenttypes.contenttype", "pk": 6, "fields": {"app_label": "sessions", "model": "session"}}, {"model": "contenttypes.contenttype", "pk": 7, "fields": {"app_label": "website", "model": "area"}}, {"model": "contenttypes.contenttype", "pk": 8, "fields": {"app_label": "website", "model": "fomento"}}, {"model": "contenttypes.contenttype", "pk": 9, "fields": {"app_label": "website", "model": "instituicao"}}, {"model": "contenttypes.contenttype", "pk": 10, "fields": {"app_label": "website", "model": "pesquisador"}}, {"model": "contenttypes.contenttype", "pk": 11, "fields": {"app_label": "website", "model": "subarea"}}, {"model": "contenttypes.contenttype", "pk": 12, "fields": {"app_label": "website", "model": "projeto"}}, {"model": "contenttypes.contenttype", "pk": 13, "fields": {"app_label": "website", "model": "producao"}}, {"model": "contenttypes.contenttype", "pk": 14, "fields": {"app_label": "website", "model": "formacaoacademica"}}, {"model": "sessions.session", "pk": "rmdyvbr3cs4u4hxxph1e5bj1iy7qp5i6", "fields": {"session_data": ".eJxVjMEOwiAQRP-FsyFS2Hbx6N1vILssSNXQpLQn47_bJj3obTLvzbxVoHUpYW1pDqOoizLq9NsxxWeqO5AH1fuk41SXeWS9K_qgTd8mSa_r4f4dFGplW2MHziMweZcBvRmEAHoH0VCCbBHFw5ld6hyT26I1aJH6DCADeMvq8wW8CDbU:1sJiAx:iV2DutSmHEGMNg3GO_W60Gj00cxOsKKEqKgsnDul410", "expire_date": "2024-07-02T23:23:43.369Z"}}, {"model": "website.pesquisador", "pk": 1, "fields": {"cpf": "12345678901", "nome": "JoÒo Silva", "email": "joao.silva@example.com", "tipo": "AL"}}, {"model": "website.pesquisador", "pk": 2, "fields": {"cpf": "98765432109", "nome": "Maria Souza", "email": "maria.souza@example.com", "tipo": "PR"}}, {"model": "website.pesquisador", "pk": 3, "fields": {"cpf": "00983211189", "nome": "Vinicius Gonþalves", "email": "vgmineira@ucs.br", "tipo": "AL"}}, {"model": "website.area", "pk": 1, "fields": {"nome": "Matemßtica"}}, {"model": "website.area", "pk": 2, "fields": {"nome": "Probabilidade e EstatÝstica"}}, {"model": "website.area", "pk": 3, "fields": {"nome": "CiÛncia da ComputaþÒo"}}, {"model": "website.area", "pk": 4, "fields": {"nome": "FÝsica"}}, {"model": "website.area", "pk": 5, "fields": {"nome": "QuÝmica"}}, {"model": "website.area", "pk": 6, "fields": {"nome": "GeociÛncias"}}, {"model": "website.area", "pk": 7, "fields": {"nome": "Ecologia"}}, {"model": "website.area", "pk": 8, "fields": {"nome": "BioquÝmica"}}, {"model": "website.area", "pk": 9, "fields": {"nome": "Engenharia civil"}}, {"model": "website.area", "pk": 10, "fields": {"nome": "Engenharia elÚtrica"}}, {"model": "website.subarea", "pk": 1, "fields": {"nome": "┴lgebra", "area": 1}}, {"model": "website.subarea", "pk": 2, "fields": {"nome": "Anßlise", "area": 1}}, {"model": "website.subarea", "pk": 3, "fields": {"nome": "Geometria e Topologia", "area": 1}}, {"model": "website.subarea", "pk": 4, "fields": {"nome": "Matemßtica Aplicada", "area": 1}}, {"model": "website.subarea", "pk": 5, "fields": {"nome": "Probabilidade", "area": 2}}, {"model": "website.subarea", "pk": 6, "fields": {"nome": "EstatÝstica", "area": 2}}, {"model": "website.subarea", "pk": 7, "fields": {"nome": "Probabilidade e EstatÝstica Aplicadas", "area": 2}}, {"model": "website.subarea", "pk": 8, "fields": {"nome": "Teoria da ComputaþÒo", "area": 3}}, {"model": "website.subarea", "pk": 9, "fields": {"nome": "Matemßtica da ComputaþÒo", "area": 3}}, {"model": "website.subarea", "pk": 10, "fields": {"nome": "Metodologia e TÚcnicas da ComputaþÒo", "area": 3}}, {"model": "website.subarea", "pk": 11, "fields": {"nome": "Sistemas de ComputaþÒo", "area": 3}}, {"model": "website.subarea", "pk": 12, "fields": {"nome": "FÝsica Geral", "area": 4}}, {"model": "website.subarea", "pk": 13, "fields": {"nome": "┴reas Clßssicas de Fenomenologia e suas Aplicaþ§es", "area": 4}}, {"model": "website.subarea", "pk": 14, "fields": {"nome": "FÝsica das PartÝculas Elementares e Campos", "area": 4}}, {"model": "website.subarea", "pk": 15, "fields": {"nome": "FÝsica Nuclear", "area": 4}}, {"model": "website.subarea", "pk": 16, "fields": {"nome": "FÝsica At¶mica e Molecular", "area": 4}}, {"model": "website.subarea", "pk": 17, "fields": {"nome": "FÝsica dos FluÝdos, FÝsica de Plasmas e Descargas ElÚtricas", "area": 4}}, {"model": "website.subarea", "pk": 18, "fields": {"nome": "QuÝmica OrgÔnica", "area": 5}}, {"model": "website.subarea", "pk": 19, "fields": {"nome": "QuÝmica InorgÔnica", "area": 5}}, {"model": "website.subarea", "pk": 20, "fields": {"nome": "FÝsico-QuÝmica", "area": 5}}, {"model": "website.subarea", "pk": 21, "fields": {"nome": "QuÝmica AnalÝtica", "area": 5}}, {"model": "website.subarea", "pk": 22, "fields": {"nome": "Geologia", "area": 6}}, {"model": "website.subarea", "pk": 23, "fields": {"nome": "GeofÝsica", "area": 6}}, {"model": "website.subarea", "pk": 24, "fields": {"nome": "Meteorologia", "area": 6}}, {"model": "website.subarea", "pk": 25, "fields": {"nome": "GeodÚsia", "area": 6}}, {"model": "website.subarea", "pk": 26, "fields": {"nome": "Geografia FÝsica", "area": 6}}, {"model": "website.subarea", "pk": 27, "fields": {"nome": "Ecologia Te¾rica", "area": 7}}, {"model": "website.subarea", "pk": 28, "fields": {"nome": "Ecologia de Ecossistemas", "area": 7}}, {"model": "website.subarea", "pk": 29, "fields": {"nome": "Ecologia Aplicada", "area": 7}}, {"model": "website.subarea", "pk": 30, "fields": {"nome": "QuÝmica de MacromolÚculas", "area": 8}}, {"model": "website.subarea", "pk": 31, "fields": {"nome": "BioquÝmica de Microorganismos", "area": 8}}, {"model": "website.subarea", "pk": 32, "fields": {"nome": "Metabolismo e BioenergÚtica", "area": 8}}, {"model": "website.subarea", "pk": 33, "fields": {"nome": "Biologia Molecular", "area": 8}}, {"model": "website.subarea", "pk": 34, "fields": {"nome": "Enzimologia", "area": 8}}, {"model": "website.subarea", "pk": 35, "fields": {"nome": "ConstruþÒo Civil", "area": 9}}, {"model": "website.subarea", "pk": 36, "fields": {"nome": "Estruturas", "area": 9}}, {"model": "website.subarea", "pk": 37, "fields": {"nome": "GeotÚcnica", "area": 9}}, {"model": "website.subarea", "pk": 38, "fields": {"nome": "Engenharia Hidrßulica", "area": 9}}, {"model": "website.subarea", "pk": 39, "fields": {"nome": "Infra-Estrutura de Transportes", "area": 9}}, {"model": "website.subarea", "pk": 40, "fields": {"nome": "Materiais ElÚtricos", "area": 10}}, {"model": "website.subarea", "pk": 41, "fields": {"nome": "Medidas ElÚtricas, MagnÚticas e Eletr¶nicas; InstrumentaþÒo", "area": 10}}, {"model": "website.subarea", "pk": 42, "fields": {"nome": "Circuitos ElÚtricos, MagnÚticos e Eletr¶nicos", "area": 10}}, {"model": "website.subarea", "pk": 43, "fields": {"nome": "Sistemas ElÚtricos de PotÛncia", "area": 10}}, {"model": "website.subarea", "pk": 44, "fields": {"nome": "Telecomunicaþ§es", "area": 10}}, {"model": "website.instituicao", "pk": 1, "fields": {"cnpj": "12345678000195", "nome": "Universidade Federal de Exemplo", "sigla": "UFEX"}}, {"model": "website.instituicao", "pk": 2, "fields": {"cnpj": "88648761001762", "nome": "Universidade De Caxias Do Sul", "sigla": "UCS"}}, {"model": "website.formacaoacademica", "pk": 1, "fields": {"pesquisador": 1, "titulo": "Bacharelado em Matemßtica", "instituicao": 1, "orientador": "Daniel Roberts", "palavras_chave": "Matemßtica, Teoria dos N·meros", "area": 1, "ano_inicio": 2010, "ano_conclusao": 2014}}, {"model": "website.formacaoacademica", "pk": 2, "fields": {"pesquisador": 3, "titulo": "Bacharelado em CiÛncia da ComputaþÒo", "instituicao": 2, "orientador": "Helena Ribeiro", "palavras_chave": "", "area": 3, "ano_inicio": 2021, "ano_conclusao": 2025}}, {"model": "website.fomento", "pk": 1, "fields": {"nome_agencia": "CNPq", "sigla_agencia": "CNPq", "valor_aportado": "10000.00", "descricao": "Financiamento para pesquisa em matemßtica"}}, {"model": "website.projeto", "pk": 1, "fields": {"titulo": "Desenvolvimento de Novos Algoritmos", "data_inicio": "2020-01-01", "data_conclusao": null, "fomento": 1, "area": 1, "situacao": "EA", "subareas": [], "pesquisadores": []}}, {"model": "website.producao", "pk": 1, "fields": {"projeto": 1, "titulo": "Artigo sobre Novos Algoritmos", "tipo_producao": "AR", "data_publicacao": "2022-05-01", "descricao": "Este artigo descreve os resultados obtidos durante o projeto.", "pesquisadores": []}}]
